"file","Ftrgt","Btrigger","HCR","TACconstr","BB","OM","Blim","catch_long","catch_short","catch_medium","risk1_full","risk1_long","risk1_short","risk1_medium","risk3_long","risk3_short","risk3_medium","iav_long","iav_short","iav_medium","catch_median_long","catch_median_short","catch_median_medium","conv_failed","F_maxed","ssb_median_long","ssb_median_short","ssb_median_medium","recovery_proportion","recovery_time","iavTAC_long","iavTAC_short","iavTAC_medium","fbar_median_long","fbar_median_short","fbar_median_medium","slope_long","slope_medium","slope_short"
"Alt1_HCR-A_Ftrgt-0.28_Btrigger-180000_TACconstr-FALSE_BB-FALSE.rds",0.28,180000,"A",FALSE,FALSE,"Alt1",94000,66325.16875,49752.4856,67384.80141,0.031722054,0.028499496,0.026988922,0.042900302,0.040281974,0.045317221,0.048338369,0.317902015,0.216134985,0.32847327,53866,40693,55334,8,0,212799.4428,167493.7007,201707.6145,1,1,0.317651049,0.298085857,0.328494721,0.227512067,0.225639238,0.234342535,0.549714629,0.54845815,0.782338807
"Alt1_HCR-A_Ftrgt-0.28_Btrigger-180000_TACconstr-TRUE_BB-TRUE.rds",0.28,180000,"A",TRUE,TRUE,"Alt1",94000,66258.33788,48660.12878,69750.63837,0.032225579,0.029305136,0.026787513,0.043504532,0.043303122,0.047331319,0.057401813,0.417229713,0.273147581,0.424494308,51733,37032.3,55958.5,6,0,212859.9802,167462.0267,203480.0503,1,1,0.324993984,0.303879152,0.336066077,0.222855591,0.218491335,0.236470568,0.551606767,0.549969958,0.776976977
"Alt1_HCR-B_Ftrgt-0.27_Btrigger-170000_TACconstr-TRUE_BB-TRUE.rds",0.27,170000,"B",TRUE,TRUE,"Alt1",94000,65855.71891,48038.76664,68942.00825,0.027062374,0.023440644,0.025955734,0.035412475,0.035211268,0.040241449,0.049295775,0.438938504,0.291274128,0.450297899,52647.3,37493.55,55923.4,5,0,218274.3026,167596.9926,207469.1822,1,1,0.332599133,0.312780171,0.340132052,0.223451318,0.218976231,0.236391103,0.501151266,0.498297617,0.628153785
"Alt1_HCR-B_Ftrgt-0.29_Btrigger-190000_TACconstr-FALSE_BB-FALSE.rds",0.29,190000,"B",FALSE,FALSE,"Alt1",94000,66764.54137,49794.30915,67934.64543,0.028291457,0.025829146,0.024723618,0.03678392,0.03718593,0.040201005,0.045226131,0.351892424,0.233615372,0.361361825,53933.5,40042,55233,4,0,210486.9218,168354.1469,201938.4048,1,1,0.35137688,0.320919233,0.360939169,0.230656343,0.224643262,0.237917187,0.584501402,0.580612858,0.806768122
"Alt1_HCR-C_Ftrgt-0.26_Btrigger-160000_TACconstr-TRUE_BB-TRUE.rds",0.26,160000,"C",TRUE,TRUE,"Alt1",94000,65312.88762,47887.48316,68368.23714,0.031639839,0.028672032,0.026358149,0.042857143,0.043259557,0.047283702,0.058350101,0.406237468,0.277740796,0.411574868,52328.3,36527.4,55760.55,5,0,220463.6223,167671.6321,208344.9551,1,1,0.300209292,0.283021596,0.309618321,0.21913319,0.216683446,0.231725113,0.455501051,0.463756508,0.48988989
"Alt1_HCR-C_Ftrgt-0.28_Btrigger-180000_TACconstr-FALSE_BB-FALSE.rds",0.28,180000,"C",FALSE,FALSE,"Alt1",94000,66342.16264,49823.5005,67297.82216,0.031873112,0.028499496,0.026787513,0.043705942,0.039274924,0.045317221,0.049345418,0.316891874,0.218371289,0.328760482,53944.5,40663,55232,6,0,212624.7515,167495.0612,202116.9023,1,1,0.316480367,0.299020511,0.327303248,0.22799115,0.226354121,0.233399055,0.549669537,0.547256708,0.779935923
"Baseline_HCR-A_Ftrgt-0.12_Btrigger-130000_TACconstr-FALSE_BB-FALSE.rds",0.12,130000,"A",FALSE,FALSE,"Baseline",94000,40363.5426,25794.8684,38058.326,0.0105,0.0018,0.0302,0.0082,0.004,0.043,0.016,0.185074692,0.293193777,0.191555718,35230.5,19807,32843,0,0,338240.7069,183709.9578,282238.7409,1,1,0.184124188,0.21477262,0.189537317,0.128126136,0.118249831,0.130566076,0.0147,0.0372,0.1242
"Baseline_HCR-A_Ftrgt-0.12_Btrigger-150000_TACconstr-FALSE_BB-FALSE.rds",0.12,150000,"A",FALSE,FALSE,"Baseline",94000,40362.9765,25503.499,38066.285,0.00985,0.0016,0.0292,0.007,0.003,0.041,0.014,0.186682627,0.315166358,0.194131679,35248,19785.5,32914,0,0,338456.4788,183997.2076,283300.6328,1,1,0.185780855,0.231314966,0.192076179,0.128050362,0.115550209,0.129975944,0.0353,0.0834,0.2478
"Baseline_HCR-A_Ftrgt-0.12_Btrigger-170000_TACconstr-FALSE_BB-FALSE.rds",0.12,170000,"A",FALSE,FALSE,"Baseline",94000,40344.769,25027.956,38052.364,0.0088,0.0012,0.0272,0.0056,0.002,0.036,0.011,0.190074772,0.355165803,0.200377113,35273,19579.5,33076.5,0,0,339006.5984,185083.2679,284932.8657,1,1,0.189144812,0.256837802,0.198792166,0.12758706,0.112303895,0.129030672,0.0679,0.1368,0.5524
"Baseline_HCR-A_Ftrgt-0.12_Btrigger-190000_TACconstr-FALSE_BB-FALSE.rds",0.12,190000,"A",FALSE,FALSE,"Baseline",94000,40309.0557,24286.7324,38010.0438,0.00805,0.0011,0.0252,0.0048,0.002,0.035,0.01,0.193129858,0.385852544,0.205835031,35290,17753,33118.5,0,0,340291.3189,186916.2813,287350.8065,1,1,0.192604563,0.280113662,0.203727671,0.126582679,0.106011252,0.127746213,0.1121,0.1988,0.6616
"Baseline_HCR-A_Ftrgt-0.15_Btrigger-120000_TACconstr-FALSE_BB-FALSE.rds",0.15,120000,"A",FALSE,FALSE,"Baseline",94000,46157.1095,30915.616,43902.7044,0.0157,0.0055,0.0384,0.0134,0.01,0.058,0.024,0.189931424,0.282670984,0.199582894,39970.5,24346.5,37600,0,0,298619.6675,176700.6299,254842.605,1,1,0.189233236,0.213170786,0.198562598,0.159534716,0.148037954,0.161957089,0.0232,0.0472,0.1104
"Baseline_HCR-A_Ftrgt-0.15_Btrigger-140000_TACconstr-FALSE_BB-FALSE.rds",0.15,140000,"A",FALSE,FALSE,"Baseline",94000,46146.5714,30597.1264,43909.3488,0.01465,0.0045,0.037,0.0126,0.007,0.055,0.021,0.192923725,0.302733163,0.203540483,39994,24330,37771,0,0,299169.7259,177269.1086,256126.5297,1,1,0.192071247,0.223141389,0.201957914,0.159020736,0.145151658,0.161040613,0.0568,0.102,0.224
"Baseline_HCR-A_Ftrgt-0.15_Btrigger-160000_TACconstr-FALSE_BB-FALSE.rds",0.15,160000,"A",FALSE,FALSE,"Baseline",94000,46104.7667,30076.047,43893.862,0.01345,0.0039,0.0354,0.0106,0.007,0.053,0.019,0.195307323,0.336429997,0.209876008,40024,24268,37974,0,0,300066.2753,178269.695,257845.5127,1,1,0.194531363,0.244046583,0.208127171,0.158068914,0.141112714,0.159564481,0.101,0.1652,0.358
"Baseline_HCR-A_Ftrgt-0.15_Btrigger-180000_TACconstr-FALSE_BB-FALSE.rds",0.15,180000,"A",FALSE,FALSE,"Baseline",94000,46028.7733,29296.96764,43833.6544,0.01235,0.0033,0.0334,0.0094,0.006,0.048,0.017,0.200269098,0.365459134,0.218159498,40091.5,22856.5,38016.5,0,0,301611.6703,180029.5977,260688.0769,1,1,0.199359418,0.26806751,0.217238225,0.156505414,0.13425889,0.157836617,0.1529,0.2376,0.655531106
"Baseline_HCR-A_Ftrgt-0.167_Btrigger-180000_TACconstr-FALSE_BB-FALSE.rds",0.167,180000,"A",FALSE,FALSE,"Baseline",94000,48743.3345,31722.4731193621,46632.2456,0.0147,0.0051,0.0366,0.012,0.008,0.056,0.021,0.207688083520493,0.369909775944694,0.225214260961593,42431.5,25205,40329.5,0,0,283534.558099469,176688.614447538,247879.567793196,1,1,0.206980415641738,0.271556960366184,0.223368466268479,0.172292237300952,0.148248828939951,0.17314165680063,0.1954,0.2762,0.672734546909382
"Baseline_HCR-A_Ftrgt-0.167_Btrigger-180000_TACconstr-TRUE_BB-TRUE.rds",0.167,180000,"A",TRUE,TRUE,"Baseline",94000,48719.67463,33404.36434,45075.4164,0.01935,0.0055,0.0532,0.0132,0.008,0.086,0.021,0.352183564565202,0.335666712991357,0.331673343070128,41459.65,27911.5,38627.95,0,0,282300.056531982,170045.348085763,244022.756094145,1,1,0.207486195209285,0.346485369387855,0.225818392837404,0.169912657840234,0.155615958872117,0.166790802136728,0.1968,0.2822,0.7062
"Baseline_HCR-A_Ftrgt-0.17_Btrigger-130000_TACconstr-FALSE_BB-FALSE.rds",0.17,130000,"A",FALSE,FALSE,"Baseline",94000,49394.6604,33852.0914,47218.9816,0.0202,0.0094,0.046,0.016,0.013,0.068,0.026,0.197801191,0.292890878,0.209528998,42625,27264,40422,0,0,276403.7656,172480.1799,239483.531,1,1,0.19704475,0.218555917,0.207876285,0.179554145,0.166310198,0.1817163,0.0613,0.104,0.1822
"Baseline_HCR-A_Ftrgt-0.17_Btrigger-150000_TACconstr-FALSE_BB-FALSE.rds",0.17,150000,"A",FALSE,FALSE,"Baseline",94000,49346.3548,33335.389,47203.663,0.01865,0.0077,0.044,0.0152,0.012,0.068,0.025,0.201154847,0.324299346,0.216879726,42677,27231,40639.5,0,0,277376.4753,173178.1333,241055.1348,1,1,0.200490938,0.236692953,0.215427785,0.17837118,0.16189941,0.180157898,0.1126,0.1702,0.319
"Baseline_HCR-A_Ftrgt-0.17_Btrigger-170000_TACconstr-FALSE_BB-FALSE.rds",0.17,170000,"A",FALSE,FALSE,"Baseline",94000,49249.7712,32628.4158,47137.9764,0.0164,0.0058,0.0402,0.0138,0.01,0.061,0.023,0.206543669,0.356772609,0.224197919,42742,26936,40658,0,0,279046.8743,174545.2815,244070.3377,1,1,0.205443605,0.262877172,0.222249355,0.1763881,0.154762987,0.177699683,0.1698,0.2468,0.6146
"Baseline_HCR-A_Ftrgt-0.17_Btrigger-190000_TACconstr-FALSE_BB-FALSE.rds",0.17,190000,"A",FALSE,FALSE,"Baseline",94000,49107.7713,31637.4308,47024.9086,0.014,0.0047,0.0352,0.0114,0.008,0.053,0.02,0.211786108,0.381000854,0.23057226,42839.5,24404.5,40873.5,0,0,281535.4454,177652.8629,247313.1234,1,1,0.210925867,0.280830645,0.229267583,0.173929756,0.146163977,0.174589328,0.2406,0.3202,0.7158
"Baseline_HCR-A_Ftrgt-0.194_Btrigger-132000_TACconstr-FALSE_BB-FALSE.rds",0.194,132000,"A",FALSE,FALSE,"Baseline",94000,52713.5195,37228.966,50637.0612,0.0286,0.0156,0.056,0.0272,0.019,0.09,0.041,0.2069654,0.299918446,0.221437158,45295.5,30699,43300,0,0,252152.2062,167527.143,222095.2491,1,1,0.206593643,0.224742871,0.220944653,0.202843093,0.188661065,0.205335661,0.105,0.1516,0.2242
"Baseline_HCR-A_Ftrgt-0.194_Btrigger-132000_TACconstr-TRUE_BB-TRUE.rds",0.194,132000,"A",TRUE,TRUE,"Baseline",94000,52722.96871,38891.42248,48779.10774,0.0345,0.0156,0.0772,0.0296,0.021,0.126,0.046,0.360826242,0.337888635,0.345652292,44480.25,35820.45,41327.75,0,0,251787.7713,162502.1261,218557.0596,1,1,0.207633316,0.28323055,0.222156654,0.200958911,0.194416782,0.196830852,0.1042,0.1544,0.262
"Baseline_HCR-A_Ftrgt-0.194_Btrigger-180000_TACconstr-FALSE_BB-FALSE.rds",0.194,180000,"A",FALSE,FALSE,"Baseline",94000,52401.4996,35296.4918,50448.0164,0.0203,0.0097,0.046,0.0158,0.012,0.069,0.025,0.221608078070265,0.373699237899114,0.239824377786,45573,28849,43719.5,0,0,257029.628942431,171339.832696753,229723.968798409,1,1,0.220115939700606,0.272645630520044,0.238725591287411,0.196134174340572,0.170373436616658,0.197336820616614,0.2732,0.3382,0.699
"Baseline_HCR-A_Ftrgt-0.194_Btrigger-180000_TACconstr-TRUE_BB-TRUE.rds",0.194,180000,"A",TRUE,TRUE,"Baseline",94000,52390.35142,36631.71042,48894.2142,0.024,0.0101,0.0586,0.0172,0.012,0.098,0.028,0.344804114450949,0.316455674369462,0.329347977653284,44310,31240.5,41440.1,0,0,256937.886433286,167092.256574694,226940.482401065,1,1,0.219453553605468,0.325426846525051,0.240248088783374,0.193522310556913,0.175994848509765,0.19017324625312,0.2717,0.3388,0.7216
"Baseline_HCR-A_Ftrgt-0.19_Btrigger-130000_TACconstr-FALSE_BB-FALSE.rds",0.19,130000,"A",FALSE,FALSE,"Baseline",94000,52203.9637,36728.8428,50107.1882,0.0272,0.0142,0.0548,0.0256,0.018,0.089,0.04,0.205493385,0.296121484,0.218363869,44881,30135,42873.5,0,0,256101.765,168152.6129,224536.0638,1,1,0.204252116,0.222086901,0.218361995,0.199147671,0.185505767,0.201444229,0.0922,0.136,0.2062
"Baseline_HCR-A_Ftrgt-0.1_Btrigger-120000_TACconstr-FALSE_BB-FALSE.rds",0.1,120000,"A",FALSE,FALSE,"Baseline",94000,35780.7118,22260.2568,33487.6288,0.00795,9e-04,0.0258,0.0042,0.002,0.035,0.008,0.182058411,0.288543952,0.187830211,31356.5,16720,29020,0,0,367870.7818,187748.5927,301543.7106,1,1,0.181568448,0.212235623,0.186123564,0.107359636,0.099533629,0.109268523,0.0025,0.0152,0.0704
"Baseline_HCR-A_Ftrgt-0.1_Btrigger-140000_TACconstr-FALSE_BB-FALSE.rds",0.1,140000,"A",FALSE,FALSE,"Baseline",94000,35787.0888,22104.9068,33497.3508,0.00765,8e-04,0.025,0.004,0.002,0.033,0.008,0.182852079,0.303647812,0.18898324,31369.5,16699,29047,0,0,367944.6272,188122.7376,302628.8518,1,1,0.182057253,0.222890953,0.186584256,0.107266147,0.098226268,0.109108353,0.0114,0.0362,0.1608
"Baseline_HCR-A_Ftrgt-0.1_Btrigger-160000_TACconstr-FALSE_BB-FALSE.rds",0.1,160000,"A",FALSE,FALSE,"Baseline",94000,35789.256,21812.0506,33503.9776,0.0072,7e-04,0.0242,0.0032,0.002,0.033,0.006,0.184026924,0.335849647,0.191733582,31400,16663,29101.5,0,0,368392.5587,188588.3662,303338.0192,1,1,0.183313282,0.243695827,0.189676615,0.107090816,0.095802042,0.108628459,0.0286,0.0788,0.284
"Baseline_HCR-A_Ftrgt-0.1_Btrigger-180000_TACconstr-FALSE_BB-FALSE.rds",0.1,180000,"A",FALSE,FALSE,"Baseline",94000,35786.6647,21285.6788,33496.8628,0.0068,7e-04,0.023,0.0028,0.002,0.033,0.004,0.185400897,0.376048359,0.195813896,31421,15737,29160,0,0,368729.5957,189899.3904,305055.1679,1,1,0.184934586,0.273739305,0.192998413,0.106758089,0.091900903,0.108225258,0.0572,0.1254,0.593
"Baseline_HCR-A_Ftrgt-0.22_Btrigger-130000_TACconstr-FALSE_BB-FALSE.rds",0.22,130000,"A",FALSE,FALSE,"Baseline",94000,55726.4369,40708.568,53736.3736,0.04165,0.0275,0.071,0.0406,0.036,0.124,0.053,0.217469482,0.289028373,0.232647466,47734.5,34318,45803.5,0,0,229377.3945,161899.0372,205042.9937,0.999,1,0.216875135,0.2289087,0.232721671,0.227250862,0.213510392,0.230029784,0.1471,0.1928,0.2426
"Baseline_HCR-A_Ftrgt-0.22_Btrigger-150000_TACconstr-FALSE_BB-FALSE.rds",0.22,150000,"A",FALSE,FALSE,"Baseline",94000,55604.4106,39968.2314,53677.6074,0.03635,0.0224,0.0662,0.0344,0.027,0.115,0.045,0.225444877,0.292856675,0.241669967,47870,34282,46108.5,0,0,231629.9117,163254.4821,208190.0625,1,1,0.224215715,0.249174849,0.240847231,0.224199678,0.206027096,0.226419546,0.2233,0.2774,0.3716
"Baseline_HCR-A_Ftrgt-0.22_Btrigger-170000_TACconstr-FALSE_BB-FALSE.rds",0.22,170000,"A",FALSE,FALSE,"Baseline",94000,55398.9856,39038.7576,53561.5502,0.03105,0.0179,0.0624,0.026,0.021,0.109,0.038,0.23209231,0.301439069,0.249357537,47986,33898,46461.5,0,0,233953.9539,165018.8694,211826.5146,1,1,0.230700899,0.275742166,0.247966321,0.219702306,0.197566089,0.221623045,0.3044,0.3564,0.6604
"Baseline_HCR-A_Ftrgt-0.22_Btrigger-190000_TACconstr-FALSE_BB-FALSE.rds",0.22,190000,"A",FALSE,FALSE,"Baseline",94000,55129.3749,37855.2336,53392.555,0.02455,0.0141,0.0506,0.0194,0.017,0.077,0.028,0.240616218,0.36117575,0.256761219,47886,30770,46520,0,0,237249.0084,168430.2321,216503.1648,1,1,0.239101956,0.286707588,0.255039055,0.215657701,0.184154165,0.216056488,0.3765,0.4342,0.7602
"Baseline_HCR-A_Ftrgt-0.252_Btrigger-180000_TACconstr-FALSE_BB-FALSE.rds",0.252,180000,"A",FALSE,FALSE,"Baseline",94000,58095.7132,41963.1058,56485.702,0.0419,0.0286,0.0712,0.0392,0.032,0.127,0.05,0.255697244329415,0.25774296614585,0.269727416038134,49987,36372,48841,0,0,213106.385329677,160675.025601848,197966.410293309,1,1,0.254826212705251,0.288121609112275,0.26933129200734,0.242814401779582,0.216494807695849,0.243400656335084,0.4226,0.4686,0.7476
"Baseline_HCR-A_Ftrgt-0.252_Btrigger-180000_TACconstr-TRUE_BB-TRUE.rds",0.252,180000,"A",TRUE,TRUE,"Baseline",94000,58103.85334,42776.3882,55040.33292,0.0432,0.0292,0.0754,0.039,0.033,0.138,0.05,0.341597017782876,0.257134109001837,0.332895973621317,48354,37374.8,46001.25,0,0,212998.932562904,159693.363502344,196621.469903957,1,1,0.255453224968708,0.296992815342015,0.274820287282447,0.237965231435502,0.216999515777944,0.234507938331996,0.4221,0.4658,0.7534
"Baseline_HCR-A_Ftrgt-0.25_Btrigger-120000_TACconstr-FALSE_BB-FALSE.rds",0.25,120000,"A",FALSE,FALSE,"Baseline",94000,58554.0676,44668.1878,56643.232,0.0689,0.0552,0.0938,0.0714,0.06,0.156,0.088,0.229258323,0.215605226,0.243532344,49871,38418,48085,0,0,204853.332,155414.0439,186771.9538,0.999,1,0.228802276,0.230125385,0.243695411,0.256226783,0.245597108,0.259840257,0.173,0.2094,0.216
"Baseline_HCR-A_Ftrgt-0.25_Btrigger-140000_TACconstr-FALSE_BB-FALSE.rds",0.25,140000,"A",FALSE,FALSE,"Baseline",94000,58439.4276,43901.8268,56589.8434,0.05995,0.046,0.088,0.0598,0.052,0.152,0.073,0.237397195,0.217370892,0.251680463,49939.5,38369,48353.5,0,0,207212.1233,156474.6288,189897.6193,0.999,1,0.236696531,0.245067141,0.250350529,0.252092461,0.237563206,0.254393678,0.253,0.2974,0.3428
"Baseline_HCR-A_Ftrgt-0.25_Btrigger-150000_TACconstr-TRUE_BB-TRUE.rds",0.25,150000,"A",TRUE,TRUE,"Baseline",94000,58375.48016,44341.98778,54899.75798,0.0563,0.0414,0.0892,0.0532,0.045,0.145,0.065,0.34893166,0.280030121,0.342327686,48747.65,42278.15,46076.45,0,0,208281.9477,156726.7775,190739.6201,0.999,1,0.240622981,0.267881993,0.264557156,0.246186385,0.232028608,0.240989953,0.2977,0.3392,0.4096
"Baseline_HCR-A_Ftrgt-0.25_Btrigger-160000_TACconstr-FALSE_BB-FALSE.rds",0.25,160000,"A",FALSE,FALSE,"Baseline",94000,58235.3003,42943.7198,56486.3978,0.0505,0.0364,0.0814,0.0478,0.039,0.145,0.058,0.245949609,0.220253708,0.263823402,50033,38289.5,48757,0,0,210361.6544,157799.3825,193505.1844,0.999,1,0.244611092,0.269572621,0.262651284,0.246915242,0.227405494,0.248286135,0.3423,0.3882,0.4614
"Baseline_HCR-A_Ftrgt-0.25_Btrigger-160000_TACconstr-TRUE_BB-TRUE.rds",0.25,160000,"A",TRUE,TRUE,"Baseline",94000,58260.71672,43799.90868,54903.82186,0.05205,0.0369,0.0868,0.0476,0.04,0.143,0.058,0.345389697,0.28287479,0.338608384,48548,41322.45,45959.1,0,0,210184.2507,157697.1793,193077.8617,0.999,1,0.244795005,0.279362858,0.266707666,0.243602931,0.226338699,0.239105209,0.3413,0.3826,0.4648
"Baseline_HCR-A_Ftrgt-0.25_Btrigger-170000_TACconstr-FALSE_BB-FALSE.rds",0.25,170000,"A",FALSE,FALSE,"Baseline",94000,58096.5422,42398.3188,56403.7892,0.04615,0.0321,0.0772,0.0432,0.035,0.141,0.051,0.249138727,0.229281486,0.26606196,49917.5,37892,48765,0,0,212503.3613,158915.7435,196133.1243,1,1,0.247997204,0.283164366,0.264846368,0.243826949,0.222968693,0.244433949,0.3818,0.4284,0.6902
"Baseline_HCR-A_Ftrgt-0.25_Btrigger-170000_TACconstr-TRUE_BB-TRUE.rds",0.25,170000,"A",TRUE,TRUE,"Baseline",94000,58118.91749,43196.00788,54908.86268,0.0467,0.0317,0.0804,0.043,0.034,0.143,0.053,0.343682235,0.242618016,0.338658149,48376.8,39192,46038.2,0,0,212280.9862,158526.4483,195509.914,1,1,0.248450118,0.28684742,0.270310358,0.239853868,0.222907847,0.236096974,0.3803,0.423,0.6932
"Baseline_HCR-A_Ftrgt-0.25_Btrigger-180000_TACconstr-FALSE_BB-FALSE.rds",0.25,180000,"A",FALSE,FALSE,"Baseline",94000,57940.5426,41754.0614,56320.6926,0.0409,0.0277,0.0698,0.0384,0.032,0.123,0.05,0.253865218,0.262124923,0.269025339,49912,36119,48746,0,0,214447.7966,160999.1036,198766.2247,1,1,0.252879797,0.286862734,0.268408119,0.24140673,0.21472442,0.241911723,0.4183,0.463,0.7464
"Baseline_HCR-A_Ftrgt-0.25_Btrigger-180000_TACconstr-TRUE_BB-TRUE.rds",0.25,180000,"A",TRUE,TRUE,"Baseline",94000,57946.88241,42584.48046,54868.63686,0.04245,0.0285,0.075,0.0378,0.031,0.137,0.049,0.342335913,0.261553378,0.332525456,48200.3,37162.4,45989,0,0,214326.7466,159895.7466,197628.0703,1,1,0.253425002,0.298228186,0.273441045,0.236483059,0.215732924,0.23298758,0.417,0.4632,0.7522
"Baseline_HCR-A_Ftrgt-0.25_Btrigger-190000_TACconstr-TRUE_BB-TRUE.rds",0.25,190000,"A",TRUE,TRUE,"Baseline",94000,57786.49827,41780.08022,54850.8932,0.0369,0.0248,0.0658,0.0322,0.027,0.115,0.042,0.341781772,0.296805471,0.332147293,48041.9,34418.5,45990.45,0,0,215901.5264,163644.25,200526.1911,1,1,0.257533137,0.292591283,0.277318134,0.233589933,0.206511141,0.230216229,0.4513,0.4968,0.7798
"Baseline_HCR-A_Ftrgt-0.25_Btrigger-200000_TACconstr-TRUE_BB-TRUE.rds",0.25,2e+05,"A",TRUE,TRUE,"Baseline",94000,57595.94104,41139.26356,54752.2362,0.0331,0.0223,0.0596,0.0282,0.027,0.099,0.038,0.339912497,0.325515411,0.331969547,47814.2,32937.5,45848.75,0,0,218063.5523,165425.1558,203052.4946,1,1,0.261807283,0.296822223,0.280629394,0.229981048,0.199033835,0.227589491,0.4839,0.5286,0.8014
"Baseline_HCR-A_Ftrgt-0.26_Btrigger-160000_TACconstr-FALSE_BB-FALSE.rds",0.26,160000,"A",FALSE,FALSE,"Baseline",94000,58997.8825,44006.4728,57288.5858,0.05655,0.0425,0.0884,0.0528,0.046,0.154,0.064,0.25202711,0.200481565,0.268906432,50517.5,39607.5,49378.5,0,0,203972.1433,155973.0183,188884.3777,0.999,1,0.250697179,0.272964129,0.268677831,0.254519379,0.23606559,0.255762237,0.3655,0.411,0.4718
"Baseline_HCR-A_Ftrgt-0.26_Btrigger-160000_TACconstr-TRUE_BB-TRUE.rds",0.26,160000,"A",TRUE,TRUE,"Baseline",94000,59023.55793,44830.58804,55727.05412,0.0582,0.0435,0.0912,0.0546,0.046,0.15,0.063,0.34459409,0.277135361,0.33920838,48991.85,42266.75,46744.85,0,0,203823.1386,156324.1116,188243.9579,0.999,1,0.252196929,0.281222484,0.273208247,0.250450029,0.234385,0.246905047,0.3678,0.4058,0.4698
"Baseline_HCR-A_Ftrgt-0.26_Btrigger-170000_TACconstr-FALSE_BB-FALSE.rds",0.26,170000,"A",FALSE,FALSE,"Baseline",94000,58853.4537,43441.9896,57208.4202,0.0514,0.0371,0.0836,0.0478,0.039,0.147,0.055,0.256763839,0.209829391,0.271845299,50579,39154,49318,0,0,205753.5024,157123.3847,191326.1392,1,1,0.255083089,0.284848944,0.270391755,0.25154249,0.230374515,0.252886781,0.4067,0.4486,0.6988
"Baseline_HCR-A_Ftrgt-0.26_Btrigger-170000_TACconstr-TRUE_BB-TRUE.rds",0.26,170000,"A",TRUE,TRUE,"Baseline",94000,58871.97103,44191.92448,55732.49424,0.052,0.0378,0.0842,0.0482,0.043,0.146,0.056,0.343584417,0.237834971,0.337867432,48910.45,39192,46511.05,0,0,205710.9387,157249.144,190813.4799,1,1,0.256131034,0.286034875,0.27462469,0.246878335,0.22940175,0.242932526,0.4051,0.4452,0.6984
"Baseline_HCR-A_Ftrgt-0.26_Btrigger-180000_TACconstr-FALSE_BB-FALSE.rds",0.26,180000,"A",FALSE,FALSE,"Baseline",94000,58693.6284,42785.8972,57122.8062,0.0461,0.0326,0.0752,0.044,0.035,0.135,0.051,0.261311414,0.240222494,0.274878618,50456,37364.5,49327,0,0,208107.9869,159312.1204,194176.7026,1,1,0.260006604,0.28835492,0.273781525,0.248505416,0.222492928,0.249579737,0.4423,0.4852,0.7526
"Baseline_HCR-A_Ftrgt-0.26_Btrigger-180000_TACconstr-TRUE_BB-TRUE.rds",0.26,180000,"A",TRUE,TRUE,"Baseline",94000,58704.0988,43553.11852,55698.25866,0.04715,0.0331,0.0782,0.0442,0.036,0.141,0.053,0.343084552,0.243835477,0.335453093,48784.05,38134,46587.65,0,1,207913.2546,158675.8462,192907.3375,1,1,0.260077325,0.2942942,0.280909435,0.243610696,0.22250421,0.24010344,0.4403,0.4846,0.757
"Baseline_HCR-A_Ftrgt-0.26_Btrigger-190000_TACconstr-FALSE_BB-FALSE.rds",0.26,190000,"A",FALSE,FALSE,"Baseline",94000,58517.6014,42132.612,57007.9002,0.04125,0.0291,0.0686,0.0382,0.032,0.12,0.049,0.265250336,0.2716881,0.279696709,50226.5,35659.5,49265.5,0,0,210033.7677,161473.9853,196559.5192,1,1,0.263772691,0.293004432,0.278187631,0.24569842,0.214329029,0.245802042,0.476,0.5198,0.7828
"Baseline_HCR-A_Ftrgt-0.27_Btrigger-130000_TACconstr-FALSE_BB-FALSE.rds",0.27,130000,"A",FALSE,FALSE,"Baseline",94000,59991.1624,46516.643,58181.9116,0.0811,0.0676,0.1062,0.083,0.073,0.176,0.098,0.244436358,0.176097163,0.257475135,50959.5,41034,49561.5,0,0,192461.8033,152186.0113,177087.4781,0.998,1,0.243257454,0.243706364,0.257342145,0.27133696,0.260794374,0.274138968,0.2592,0.2974,0.2958
"Baseline_HCR-A_Ftrgt-0.27_Btrigger-150000_TACconstr-FALSE_BB-FALSE.rds",0.27,150000,"A",FALSE,FALSE,"Baseline",94000,59821.4571,45565.6578,58101.8878,0.06955,0.0556,0.097,0.07,0.062,0.165,0.082,0.254144788,0.190375079,0.270908501,51026,40979,49883.5,0,0,195560.2524,153721.0209,181600.8522,0.999,1,0.2528942,0.264352637,0.270908501,0.265703135,0.250014999,0.266725263,0.3492,0.3918,0.4218
"Baseline_HCR-A_Ftrgt-0.27_Btrigger-150000_TACconstr-TRUE_BB-TRUE.rds",0.27,150000,"A",TRUE,TRUE,"Baseline",94000,59849.27485,46429.96202,56466.58452,0.07095,0.0562,0.1004,0.071,0.064,0.159,0.086,0.346191429,0.277196071,0.344164392,49700.5,43868.5,47197.35,0,0,195777.6272,153290.2778,180726.2593,0.999,1,0.253315145,0.271875143,0.275789395,0.261364002,0.248452677,0.256737704,0.3497,0.384,0.426
"Baseline_HCR-A_Ftrgt-0.27_Btrigger-160000_TACconstr-FALSE_BB-FALSE.rds",0.27,160000,"A",FALSE,FALSE,"Baseline",94000,59695.3875,45029.9528,58028.269,0.0644,0.0502,0.094,0.0632,0.056,0.161,0.071,0.258882994,0.196627462,0.276051643,51098,40912,49992,0,0,197750.5712,154333.5316,184059.6269,0.999,1,0.258045134,0.277321625,0.275475947,0.262039262,0.244526079,0.264115042,0.3913,0.4306,0.4794
"Baseline_HCR-A_Ftrgt-0.27_Btrigger-160000_TACconstr-TRUE_BB-TRUE.rds",0.27,160000,"A",TRUE,TRUE,"Baseline",94000,59726.37661,45851.90896,56462.14206,0.0655,0.0503,0.0978,0.0636,0.055,0.16,0.075,0.345056253,0.276799378,0.344328415,49453.5,43011.8,47139.4,0,1,197756.0411,154505.5098,183373.1694,0.999,1,0.258409493,0.283729111,0.279174677,0.25724398,0.24268934,0.253964134,0.3895,0.425,0.4794
"Baseline_HCR-A_Ftrgt-0.27_Btrigger-170000_TACconstr-FALSE_BB-FALSE.rds",0.27,170000,"A",FALSE,FALSE,"Baseline",94000,59546.4367,44449.8214,57951.1068,0.0581,0.0437,0.0898,0.0552,0.047,0.157,0.064,0.263055737,0.207404085,0.2784858,50999.5,40424,49932,0,0,199671.6105,155462.6704,186574.8314,0.999,1,0.262121434,0.286949566,0.277270332,0.258905275,0.237942614,0.260584609,0.4294,0.4686,0.706
"Baseline_HCR-A_Ftrgt-0.27_Btrigger-170000_TACconstr-TRUE_BB-TRUE.rds",0.27,170000,"A",TRUE,TRUE,"Baseline",94000,59563.61115,45198.5654,56476.07414,0.05825,0.0442,0.0896,0.055,0.049,0.155,0.064,0.34471205,0.237097865,0.340260634,49439,40363.5,47222.6,0,1,200203.2796,155544.0615,185941.8143,0.999,1,0.262868429,0.287280002,0.281607402,0.253619233,0.237010396,0.249469143,0.4283,0.4664,0.7056
"Baseline_HCR-A_Ftrgt-0.27_Btrigger-180000_TACconstr-FALSE_BB-FALSE.rds",0.27,180000,"A",FALSE,FALSE,"Baseline",94000,59386.2637,43781.2722,57863.5784,0.05065,0.0371,0.0816,0.0468,0.041,0.146,0.054,0.268278523,0.220922125,0.282103538,50927.5,38586.5,49880,0,0,202086.1211,157643.1117,189185.0247,1,1,0.266988783,0.291066836,0.281415311,0.255753839,0.229706815,0.256342645,0.4641,0.5052,0.7598
"Baseline_HCR-A_Ftrgt-0.27_Btrigger-180000_TACconstr-TRUE_BB-TRUE.rds",0.27,180000,"A",TRUE,TRUE,"Baseline",94000,59402.14359,44502.91716,56449.21122,0.0511,0.0373,0.0816,0.0482,0.042,0.144,0.054,0.345854146,0.233026947,0.338300884,49284.1,39192,47155.2,0,1,202128.3523,157697.6084,188537.1883,1,1,0.268207428,0.293003038,0.284204743,0.250105653,0.228684205,0.246783986,0.4618,0.5032,0.7618
"Baseline_HCR-A_Ftrgt-0.27_Btrigger-190000_TACconstr-FALSE_BB-FALSE.rds",0.27,190000,"A",FALSE,FALSE,"Baseline",94000,59208.0778,43120.6764,57747.9066,0.04575,0.0331,0.0734,0.0434,0.037,0.131,0.052,0.272313029,0.250114558,0.286633196,50717,36853,49808,0,0,204324.5838,159664.0431,191882.4226,1,1,0.270268614,0.295560453,0.286369387,0.251882766,0.221463686,0.252991326,0.4985,0.537,0.7886
"Baseline_HCR-A_Ftrgt-0.27_Btrigger-190000_TACconstr-TRUE_BB-TRUE.rds",0.27,190000,"A",TRUE,TRUE,"Baseline",94000,59220.93322,43790.95884,56407.38164,0.0464,0.0338,0.074,0.044,0.038,0.131,0.052,0.344353548,0.254582568,0.339218567,48919.5,36811,47089.35,0,1,204544.7642,159690.7248,191557.8733,1,1,0.272315983,0.294584302,0.29053154,0.246084899,0.220340417,0.243514934,0.4962,0.5338,0.7892
"Baseline_HCR-A_Ftrgt-0.27_Btrigger-200000_TACconstr-TRUE_BB-TRUE.rds",0.27,2e+05,"A",TRUE,TRUE,"Baseline",94000,59037.57094,43119.36456,56310.95918,0.04135,0.0298,0.0682,0.0376,0.034,0.119,0.047,0.342568311,0.28286385,0.338620168,48523.5,35240,46965.15,0,1,207014.6055,161975.3565,193963.1933,1,1,0.276418814,0.301703313,0.294394188,0.242659113,0.212957998,0.240195102,0.5299,0.5634,0.8128
"Baseline_HCR-A_Ftrgt-0.28_Btrigger-160000_TACconstr-FALSE_BB-FALSE.rds",0.28,160000,"A",FALSE,FALSE,"Baseline",94000,60327.2902,46017.132,58711.102,0.0717,0.0575,0.1016,0.0702,0.064,0.173,0.081,0.265769879,0.200744359,0.280603175,51497.5,42200.5,50505,0,0,191889.8584,152583.64,179500.79,0.999,1,0.26506086,0.280360311,0.279254295,0.269685581,0.252472199,0.270925664,0.4151,0.4526,0.4892
"Baseline_HCR-A_Ftrgt-0.28_Btrigger-170000_TACconstr-FALSE_BB-FALSE.rds",0.28,170000,"A",FALSE,FALSE,"Baseline",94000,60180.6798,45420.7292,58629.9324,0.06555,0.052,0.096,0.0622,0.057,0.165,0.071,0.270262722,0.209447186,0.284312033,51399,41679.5,50564.5,0,0,194169.4785,153892.6459,182399.9931,0.999,1,0.268676128,0.289124274,0.284209699,0.266117542,0.246163449,0.267220749,0.4518,0.4916,0.7124
"Baseline_HCR-A_Ftrgt-0.28_Btrigger-170000_TACconstr-TRUE_BB-TRUE.rds",0.28,170000,"A",TRUE,TRUE,"Baseline",94000,60197.37987,46164.84388,57167.81406,0.06575,0.0524,0.0962,0.062,0.059,0.163,0.07,0.348178827,0.239002121,0.342129828,49861.35,41590,47592.95,0,1,194120.3974,154003.3979,181395.2005,0.999,1,0.270021407,0.289257512,0.287495699,0.260615708,0.244356644,0.256049393,0.449,0.4886,0.7134
"Baseline_HCR-A_Ftrgt-0.28_Btrigger-180000_TACconstr-FALSE_BB-FALSE.rds",0.28,180000,"A",FALSE,FALSE,"Baseline",94000,60025.0341,44746.8502,58542.6228,0.05805,0.0446,0.0872,0.0558,0.049,0.153,0.061,0.274809903,0.213148954,0.288576336,51357.5,39798.5,50486,0,0,196587.3719,155854.9471,185040.0764,0.999,1,0.272882943,0.294230145,0.28905989,0.262168508,0.237555046,0.26319211,0.4878,0.5244,0.7656
"Baseline_HCR-A_Ftrgt-0.28_Btrigger-180000_TACconstr-TRUE_BB-TRUE.rds",0.28,180000,"A",TRUE,TRUE,"Baseline",94000,60041.20305,45450.78046,57149.72402,0.0582,0.0453,0.0868,0.0554,0.05,0.151,0.062,0.347459902,0.232439328,0.341791211,49627.8,39715,47690.1,0,0,196781.0123,156037.914,184418.9215,0.999,1,0.274808935,0.296320773,0.29148825,0.256271055,0.235766628,0.253583066,0.4848,0.523,0.7662
"Baseline_HCR-A_Ftrgt-0.28_Btrigger-190000_TACconstr-FALSE_BB-FALSE.rds",0.28,190000,"A",FALSE,FALSE,"Baseline",94000,59845.7201,44074.8048,58427.5788,0.0513,0.0383,0.0794,0.0492,0.043,0.142,0.055,0.279371563,0.231108389,0.293667989,50989.5,38014.5,50095,0,0,199235.3269,157965.2665,187853.4584,1,1,0.277204572,0.295365928,0.293017977,0.258365684,0.228410048,0.259810847,0.5194,0.5524,0.796
"Baseline_HCR-A_Ftrgt-0.28_Btrigger-190000_TACconstr-TRUE_BB-TRUE.rds",0.28,190000,"A",TRUE,TRUE,"Baseline",94000,59864.46954,44738.9612,57099.52282,0.0517,0.0393,0.0792,0.049,0.044,0.142,0.055,0.345132743,0.237030466,0.343083587,49209.5,37987,47530.2,0,1,199264.8352,158119.5823,187101.9525,1,1,0.279641001,0.295292112,0.29638885,0.252374326,0.227020301,0.249805969,0.5189,0.5502,0.7972
"Baseline_HCR-A_Ftrgt-0.28_Btrigger-200000_TACconstr-TRUE_BB-TRUE.rds",0.28,2e+05,"A",TRUE,TRUE,"Baseline",94000,59674.69612,44067.21242,56998.26254,0.04625,0.0348,0.0716,0.0438,0.037,0.127,0.054,0.346115292,0.262594407,0.345805073,48821.4,36372,47355.5,0,0,201821.5479,160195.8199,189870.4179,1,1,0.283855051,0.302486872,0.302262499,0.248728363,0.219486321,0.246513969,0.5502,0.5778,0.8182
"Baseline_HCR-A_Ftrgt-0.28_Btrigger-270000_TACconstr-FALSE_BB-FALSE.rds",0.28,270000,"A",FALSE,FALSE,"Baseline",94000,57967.7534153793,39263.5068,56738.5378,0.0241,0.016,0.0448,0.0196,0.019,0.066,0.026,0.310255174324197,0.418753717407505,0.317272553592347,45634,27879.5,44638.5,0,1,220068.393707483,171600.642140281,208545.882758625,1,1,0.308588233709317,0.31755925302168,0.319025385262885,0.22487683987026,0.174007713157783,0.224899560366961,0.7159,0.7316,0.8942
"Baseline_HCR-A_Ftrgt-0.28_Btrigger-270000_TACconstr-TRUE_BB-TRUE.rds",0.28,270000,"A",TRUE,TRUE,"Baseline",94000,57974.9179878531,39780.57186,55733.2053,0.0244,0.0169,0.0448,0.019,0.021,0.066,0.025,0.340517241379311,0.421016297201756,0.343340259358844,45399.8,27879.5,44673.5,0,1,219849.342012218,171600.642140281,207975.84681389,1,1,0.309341842711419,0.317805998751233,0.325346928567925,0.221023252547564,0.173903788147873,0.221719446227766,0.716,0.728,0.8946
"Baseline_HCR-A_Ftrgt-0.28_Btrigger-360000_TACconstr-FALSE_BB-FALSE.rds",0.28,360000,"A",FALSE,FALSE,"Baseline",94000,55464.790849395,34976.35683498,54141.645,0.01385,0.0064,0.0314,0.0112,0.01,0.045,0.016,0.323093791250994,0.449364061408681,0.330921694639098,40763.5,21475,39647,0,1,242821.685929035,180174.162731641,228859.902730406,1,1,0.322133996117571,0.330922626424327,0.335690439549504,0.192083364318461,0.136259461941486,0.190679082235984,0.8443,0.8472,0.935587117423485
"Baseline_HCR-A_Ftrgt-0.28_Btrigger-360000_TACconstr-TRUE_BB-TRUE.rds",0.28,360000,"A",TRUE,TRUE,"Baseline",94000,55463.3518196547,35419.52549498,53366.1497980715,0.01395,0.0065,0.0314,0.0114,0.01,0.045,0.016,0.335448018097767,0.456315544054388,0.34304562946674,40859.5,21475,39647,0,2,242818.671592874,180211.839080625,228359.435740725,1,1,0.321303265324845,0.332026673552248,0.337641026926896,0.191039633167784,0.136144939483208,0.189554773316003,0.8428,0.8456,0.935787157431486
"Baseline_HCR-A_Ftrgt-0.29_Btrigger-160000_TACconstr-FALSE_BB-FALSE.rds",0.29,160000,"A",FALSE,FALSE,"Baseline",94000,60899.74117,46969.9112,59333.2708,0.0799,0.065,0.1102,0.0794,0.074,0.187,0.093,0.272587721,0.204529306,0.286907409,51921,43446.5,50992.5,0,1,186852.1293,150747.5906,175007.5108,0.999,1,0.271656364,0.284359508,0.286516035,0.276640442,0.260718207,0.278232735,0.4369,0.474,0.4962
"Baseline_HCR-A_Ftrgt-0.29_Btrigger-170000_TACconstr-FALSE_BB-FALSE.rds",0.29,170000,"A",FALSE,FALSE,"Baseline",94000,60755.58161,46362.8436,59253.0828,0.07345,0.0591,0.1052,0.0704,0.067,0.179,0.077,0.277890071,0.212913379,0.289343864,51767.5,42917,51022,0,1,189056.5635,151813.7353,177675.8232,0.999,1,0.276094505,0.293223235,0.289395094,0.272863875,0.253841827,0.274224591,0.4726,0.5092,0.719
"Baseline_HCR-A_Ftrgt-0.29_Btrigger-180000_TACconstr-FALSE_BB-FALSE.rds",0.29,180000,"A",FALSE,FALSE,"Baseline",94000,60601.22311,45677.558,59166.9046,0.06565,0.0539,0.0932,0.0616,0.061,0.163,0.069,0.281193609,0.2152516,0.294959432,51645.5,40976.5,50847,0,0,191530.647,154319.2338,180583.6971,0.999,1,0.279513969,0.298168775,0.295621055,0.268475859,0.244964462,0.269993931,0.5081,0.5426,0.77
"Baseline_HCR-A_Ftrgt-0.29_Btrigger-180000_TACconstr-TRUE_BB-TRUE.rds",0.29,180000,"A",TRUE,TRUE,"Baseline",94000,60624.64635,46375.5652,57790.50074,0.0656,0.0536,0.0928,0.0624,0.064,0.161,0.072,0.350754447,0.232438013,0.346728663,49811.95,40892,48072.6,0,1,191659.0425,154557.5382,180046.491,0.999,1,0.282508359,0.297972902,0.300349282,0.262316537,0.243243903,0.259977753,0.5055,0.5384,0.771
"Baseline_HCR-A_Ftrgt-0.29_Btrigger-190000_TACconstr-FALSE_BB-FALSE.rds",0.29,190000,"A",FALSE,FALSE,"Baseline",94000,60422.45767,45000.3784,59051.1886,0.05835,0.0464,0.0848,0.0558,0.053,0.149,0.059,0.28579244,0.218296739,0.299951614,51315,39167,50400.5,0,1,194411.4287,156495.974,183601.8186,1,1,0.284051931,0.299770253,0.300099416,0.264226207,0.235807909,0.266036908,0.5408,0.5674,0.8004
"Baseline_HCR-A_Ftrgt-0.29_Btrigger-190000_TACconstr-TRUE_BB-TRUE.rds",0.29,190000,"A",TRUE,TRUE,"Baseline",94000,60453.21112,45667.73326,57728.33958,0.0579,0.0455,0.0848,0.0558,0.053,0.149,0.061,0.349778119,0.232349624,0.349357127,49407.45,39128.5,48066.3,0,1,194205.2916,156581.5023,182661.8888,1,1,0.286670415,0.300648443,0.305279738,0.258579808,0.234319656,0.256224448,0.5387,0.565,0.8012
"Baseline_HCR-A_Ftrgt-0.29_Btrigger-200000_TACconstr-TRUE_BB-TRUE.rds",0.29,2e+05,"A",TRUE,TRUE,"Baseline",94000,60261.55367,44979.24058,57642.64208,0.0518,0.0403,0.0766,0.05,0.047,0.137,0.055,0.35014243,0.244498877,0.349118063,49077.05,37487.85,47717.7,0,1,197037.6872,158638.993,185677.0034,1,1,0.29099678,0.302872787,0.31026954,0.254666538,0.226098089,0.252283053,0.5692,0.5942,0.8232
"Baseline_HCR-A_Ftrgt-0.2_Btrigger-120000_TACconstr-FALSE_BB-FALSE.rds",0.2,120000,"A",FALSE,FALSE,"Baseline",94000,53489.5893,38338.5946,51416.4592,0.03355,0.02,0.061,0.0332,0.026,0.1,0.044,0.206437269,0.28721623,0.220051097,45797.5,31569,43732.5,0,0,245826.2194,165956.418,216285.4354,0.999,1,0.205644,0.219076826,0.219893196,0.209516592,0.196855515,0.212297726,0.0809,0.1184,0.161
"Baseline_HCR-A_Ftrgt-0.2_Btrigger-140000_TACconstr-FALSE_BB-FALSE.rds",0.2,140000,"A",FALSE,FALSE,"Baseline",94000,53429.0098,37797.6086,51390.0488,0.03,0.0167,0.0586,0.028,0.022,0.095,0.04,0.210730425,0.316652806,0.227648418,45940.5,31527.5,44045,0,0,247037.3525,166787.7285,219013.451,1,1,0.210036094,0.233164678,0.227453841,0.207598652,0.191921384,0.209618732,0.1407,0.1928,0.2908
"Baseline_HCR-A_Ftrgt-0.2_Btrigger-160000_TACconstr-FALSE_BB-FALSE.rds",0.2,160000,"A",FALSE,FALSE,"Baseline",94000,53310.8664,37052.9044,51316.9176,0.02585,0.0142,0.0544,0.0206,0.017,0.086,0.032,0.218155237,0.343876301,0.235551745,46090.5,31467,44168,0,0,249116.3959,167808.6575,222180.4668,1,1,0.216884166,0.254427632,0.23380092,0.204800786,0.184381967,0.206610859,0.2099,0.2734,0.4156
"Baseline_HCR-A_Ftrgt-0.2_Btrigger-180000_TACconstr-FALSE_BB-FALSE.rds",0.2,180000,"A",FALSE,FALSE,"Baseline",94000,53115.135,36049.6544,51200.3984,0.02185,0.0114,0.048,0.0166,0.013,0.07,0.025,0.224400611,0.37512606,0.243838695,46116,29643,44430.5,0,0,251820.4914,170378.1949,225858.3939,1,1,0.223187799,0.27492328,0.242149194,0.201184645,0.175391532,0.20271679,0.2881,0.3482,0.7028
"Baseline_HCR-A_Ftrgt-0.308_Btrigger-180000_TACconstr-FALSE_BB-FALSE.rds",0.308,180000,"A",FALSE,FALSE,"Baseline",94000,61512.835798497,47274.7144,60168.0584,0.0791,0.0652,0.1072,0.0788,0.074,0.185,0.086,0.295593035607056,0.218445273082101,0.306064608658609,51939.5,43084.5,51230.5,0,1,183433.113581313,151361.843730706,173162.808239414,0.999,1,0.294651960529676,0.303550664946358,0.306310245643024,0.279347599604119,0.257553163963178,0.281902304876008,0.544,0.5698,0.7794
"Baseline_HCR-A_Ftrgt-0.308_Btrigger-180000_TACconstr-TRUE_BB-TRUE.rds",0.308,180000,"A",TRUE,TRUE,"Baseline",94000,61544.9279328736,47970.06468,58827.7420636975,0.07935,0.0661,0.1066,0.0786,0.075,0.182,0.084,0.35648983073635,0.235046286494772,0.356885210316577,50277.45,42982.5,48754.15,0,1,183454.689491672,151373.672758575,172461.936810196,0.999,1,0.297514776604565,0.303820908156427,0.312825339446306,0.27309295802018,0.256375386680886,0.271346219829953,0.5423,0.5672,0.7796
"Baseline_HCR-A_Ftrgt-0.32_Btrigger-130000_TACconstr-FALSE_BB-FALSE.rds",0.32,130000,"A",FALSE,FALSE,"Baseline",94000,62442.24933,51393.526,60934.738,0.1406,0.1295,0.1554,0.148,0.142,0.251,0.162,0.278309764,0.189908842,0.293394539,52731.5,47376.5,51901,0,1,164584.5119,143274.2563,154446.2191,0.998,1,0.277530123,0.260996098,0.292117798,0.310456848,0.305774018,0.312193959,0.3782,0.4034,0.3414
"Baseline_HCR-A_Ftrgt-0.32_Btrigger-150000_TACconstr-FALSE_BB-FALSE.rds",0.32,150000,"A",FALSE,FALSE,"Baseline",94000,62365.7139,50244.9746,60924.598,0.1184,0.1047,0.1404,0.1238,0.116,0.233,0.141,0.288007539,0.206839098,0.301293382,52737,47192.5,52298.5,0,1,169901.691,144945.8523,160095.6845,0.998,1,0.287370198,0.284020912,0.301004495,0.301205167,0.29300503,0.303069668,0.4603,0.4912,0.464
"Baseline_HCR-A_Ftrgt-0.32_Btrigger-170000_TACconstr-FALSE_BB-FALSE.rds",0.32,170000,"A",FALSE,FALSE,"Baseline",94000,62160.86489,48990.691,60819.4996,0.0987,0.0848,0.1268,0.0984,0.095,0.213,0.104,0.298497309,0.219813744,0.309665415,52413.5,46421,51741,0,1,175054.0528,146971.7794,166017.9324,0.998,1,0.297866559,0.303900341,0.310863788,0.290963272,0.277663082,0.293861883,0.5336,0.5612,0.7362
"Baseline_HCR-A_Ftrgt-0.32_Btrigger-190000_TACconstr-FALSE_BB-FALSE.rds",0.32,190000,"A",FALSE,FALSE,"Baseline",94000,61866.85438,47592.675,60639.689,0.07995,0.0684,0.1026,0.0804,0.079,0.177,0.085,0.310143619,0.223863493,0.319601696,51334,42528.5,50658.5,0,1,180375.651,151610.0507,171560.2592,0.999,1,0.308389651,0.310094816,0.321037909,0.279946517,0.256266467,0.282898169,0.5976,0.6192,0.8158
"Baseline_HCR-A_Ftrgt-0.35_Btrigger-120000_TACconstr-FALSE_BB-FALSE.rds",0.35,120000,"A",FALSE,FALSE,"Baseline",94000,63110.99595,54457.8988,61871.3068,0.1979,0.1942,0.1906,0.2126,0.219,0.3,0.218,0.293671894,0.192335639,0.304050438,52741.5,50994.5,52514.5,0,2,148266.9042,137993.1527,140921.3224,0.997,1,0.293238785,0.261813199,0.303537657,0.336221815,0.339585883,0.338059404,0.3961,0.4162,0.3132
"Baseline_HCR-A_Ftrgt-0.35_Btrigger-140000_TACconstr-FALSE_BB-FALSE.rds",0.35,140000,"A",FALSE,FALSE,"Baseline",94000,63204.26582,53291.1598,61960.39048,0.16995,0.1605,0.178,0.1808,0.177,0.291,0.189,0.302952105,0.207030729,0.317522545,53010.5,50808,52877,0,4,153562.5283,139205.1334,145708.4387,0.998,1,0.302421377,0.284544084,0.317738648,0.325707924,0.325306508,0.328562783,0.483,0.504,0.4352
"Baseline_HCR-A_Ftrgt-0.35_Btrigger-160000_TACconstr-FALSE_BB-FALSE.rds",0.35,160000,"A",FALSE,FALSE,"Baseline",94000,63168.72651,52010.3832,61978.19748,0.1443,0.132,0.1634,0.1498,0.147,0.278,0.158,0.316477639,0.220584505,0.322790825,52599.5,50357,52156,0,5,159115.8979,141019.1065,151926.8717,0.998,1,0.315197856,0.306746151,0.323030786,0.312822911,0.310012991,0.315232161,0.5542,0.5732,0.5342
"Baseline_HCR-A_Ftrgt-0.35_Btrigger-180000_TACconstr-FALSE_BB-FALSE.rds",0.35,180000,"A",FALSE,FALSE,"Baseline",94000,63021.46274,50647.1144,61919.29648,0.118,0.1069,0.1372,0.121,0.118,0.231,0.125,0.328834321,0.228315458,0.333136474,51482.5,47722,51119.5,0,4,165275.2909,144635.0961,158038.6755,0.998,1,0.328345573,0.3172332,0.334547071,0.300643703,0.288910698,0.304188178,0.6163,0.6294,0.8018
"Baseline_HCR-A_Ftrgt-0.3_Btrigger-120000_TACconstr-FALSE_BB-FALSE.rds",0.3,120000,"A",FALSE,FALSE,"Baseline",94000,61682.23648,50005.9578,60026.858,0.12345,0.1106,0.1394,0.1332,0.123,0.223,0.147,0.257656367,0.176623686,0.269888272,52120,44888,51077.5,0,1,172646.5916,145983.1746,161313.5624,0.998,1,0.256314369,0.24556706,0.269289792,0.29941824,0.293552868,0.302793318,0.2858,0.3112,0.2654
"Baseline_HCR-A_Ftrgt-0.3_Btrigger-140000_TACconstr-FALSE_BB-FALSE.rds",0.3,140000,"A",FALSE,FALSE,"Baseline",94000,61606.00412,49032.243,59993.8198,0.1046,0.0905,0.1278,0.1096,0.099,0.211,0.124,0.269399138,0.193027885,0.285332072,52350,44847.5,51315,0,1,176753.4204,147169.7337,165273.3702,0.998,1,0.268708904,0.26257783,0.285332072,0.291473446,0.282163724,0.293203553,0.3758,0.41,0.3904
"Baseline_HCR-A_Ftrgt-0.3_Btrigger-150000_TACconstr-TRUE_BB-TRUE.rds",0.3,150000,"A",TRUE,TRUE,"Baseline",94000,61538.78611,49335.58524,58338.50162,0.09715,0.0819,0.1232,0.1016,0.095,0.195,0.116,0.353334786,0.277477805,0.353322033,50671.35,46076.3,48581.4,0,1,179103.5689,147949.716,167281.4413,0.998,1,0.274863167,0.282352033,0.295214996,0.281977983,0.273189496,0.276852043,0.4177,0.4502,0.4472
"Baseline_HCR-A_Ftrgt-0.3_Btrigger-160000_TACconstr-FALSE_BB-FALSE.rds",0.3,160000,"A",FALSE,FALSE,"Baseline",94000,61414.51029,47887.3276,59900.797,0.08825,0.0734,0.1176,0.0886,0.084,0.2,0.101,0.27965667,0.207605021,0.291772312,52266.5,44641,51592,0,1,181627.3062,149163.6468,170444.4543,0.998,1,0.277629692,0.286761539,0.292931692,0.283327185,0.269047151,0.285295236,0.4569,0.4934,0.5036
"Baseline_HCR-A_Ftrgt-0.3_Btrigger-160000_TACconstr-TRUE_BB-TRUE.rds",0.3,160000,"A",TRUE,TRUE,"Baseline",94000,61447.06172,48708.13186,58334.42326,0.09,0.0738,0.1202,0.0922,0.086,0.193,0.106,0.355864265,0.280181356,0.35204765,50574,45258.5,48340.25,0,1,181917.3894,148816.2723,169867.6899,0.998,1,0.280796819,0.295325702,0.298178593,0.277796802,0.265987168,0.27315623,0.4551,0.4886,0.5046
"Baseline_HCR-A_Ftrgt-0.3_Btrigger-170000_TACconstr-TRUE_BB-TRUE.rds",0.3,170000,"A",TRUE,TRUE,"Baseline",94000,61310.93559,48004.40436,58390.06752,0.0811,0.0661,0.1102,0.082,0.077,0.186,0.095,0.354192715,0.241223492,0.347494881,50294.05,43996,48532.7,0,2,184229.8439,150382.1025,172501.9124,0.999,1,0.285237998,0.296876414,0.301917885,0.273236043,0.260270867,0.270014965,0.4928,0.524,0.7256
"Baseline_HCR-A_Ftrgt-0.3_Btrigger-180000_TACconstr-FALSE_BB-FALSE.rds",0.3,180000,"A",FALSE,FALSE,"Baseline",94000,61127.92213,46577.6004,59745.4742,0.0726,0.0599,0.1002,0.0704,0.069,0.173,0.079,0.288719777,0.215972584,0.302093384,51816,42171,51042,0,1,186995.2673,152774.2223,176316.0837,0.999,1,0.287622947,0.301009867,0.302120134,0.274617146,0.251746305,0.276329669,0.5283,0.5584,0.7758
"Baseline_HCR-A_Ftrgt-0.3_Btrigger-180000_TACconstr-TRUE_BB-TRUE.rds",0.3,180000,"A",TRUE,TRUE,"Baseline",94000,61154.74414,47269.72466,58395.38671,0.07295,0.0603,0.0994,0.0718,0.07,0.171,0.08,0.353904137,0.233749005,0.352472961,50105.6,42079,48474.85,0,2,187126.9856,152891.4666,175891.4984,0.999,1,0.28990216,0.301222299,0.306231623,0.268732404,0.250468914,0.266877255,0.526,0.5548,0.7758
"Baseline_HCR-A_Ftrgt-0.3_Btrigger-190000_TACconstr-FALSE_BB-FALSE.rds",0.3,190000,"A",FALSE,FALSE,"Baseline",94000,60954.11789,45892.7674,59625.0604,0.0655,0.0543,0.0902,0.0632,0.065,0.157,0.069,0.293148742,0.219717001,0.304526336,51457.5,40316.5,50722.5,0,0,189694.9649,155033.3078,179175.0026,0.999,1,0.291839425,0.304736924,0.305929208,0.26973269,0.24310721,0.27257618,0.5586,0.5884,0.8058
"Baseline_HCR-A_Ftrgt-0.3_Btrigger-190000_TACconstr-TRUE_BB-TRUE.rds",0.3,190000,"A",TRUE,TRUE,"Baseline",94000,60989.13326,46562.2232,58334.16342,0.0661,0.0548,0.0898,0.065,0.063,0.156,0.075,0.354761303,0.233145042,0.354056318,49683.95,40260.5,48347.2,0,1,189911.9208,155120.303,178723.3031,0.999,1,0.296040129,0.304982479,0.311088887,0.264546597,0.24183909,0.262089455,0.5596,0.5842,0.8054
"Baseline_HCR-A_Ftrgt-0.3_Btrigger-200000_TACconstr-TRUE_BB-TRUE.rds",0.3,2e+05,"A",TRUE,TRUE,"Baseline",94000,60794.64044,45863.1059,58239.49631,0.05825,0.0473,0.0826,0.0558,0.053,0.147,0.059,0.354980485,0.234033548,0.349064094,49254.5,38591.5,48173.5,0,0,192390.2468,157102.3971,181619.6482,1,1,0.29952639,0.30440939,0.317232091,0.260127427,0.233102444,0.258938531,0.5874,0.6086,0.8284
"Baseline_HCR-B_Ftrgt-0.167_Btrigger-170000_TACconstr-TRUE_BB-TRUE.rds",0.167,170000,"B",TRUE,TRUE,"Baseline",94000,48852.6437,34240.36448,44868.09478,0.02255,0.006,0.0642,0.014,0.01,0.114,0.023,0.373787546531623,0.430106087480339,0.364020862677888,41597.75,30561.15,38406.55,0,0,280600.00797773,168198.141784109,241525.161928248,1,1,0.206018310013157,0.386345998773975,0.229073825328923,0.171771125980003,0.158216242560816,0.167441130241446,0.1641,0.2432,0.6466
"Baseline_HCR-B_Ftrgt-0.167_Btrigger-190000_TACconstr-FALSE_BB-FALSE.rds",0.167,190000,"B",FALSE,FALSE,"Baseline",94000,48682.5983,31186.817,46588.6372,0.01355,0.0043,0.0348,0.0108,0.007,0.052,0.02,0.210387069969186,0.388721641119766,0.229458157107276,42479.5,24012,40468.5,0,0,284468.092629767,178256.003070324,249739.859904441,1,1,0.20933021448223,0.282773124599766,0.228147333084801,0.171256057113394,0.143870944069433,0.172143759596404,0.2314,0.313,0.7134
"Baseline_HCR-B_Ftrgt-0.194_Btrigger-132000_TACconstr-FALSE_BB-FALSE.rds",0.194,132000,"B",FALSE,FALSE,"Baseline",94000,52757.0866,36967.9552,50755.4032,0.0269,0.0145,0.0542,0.0244,0.017,0.086,0.033,0.20791897,0.310701225,0.22568453,45374.5,30701,43410,0,0,252263.1506,167694.561,222790.748,1,1,0.207542986,0.231814152,0.223192634,0.203191877,0.188612792,0.206015997,0.103,0.1448,0.2212
"Baseline_HCR-B_Ftrgt-0.194_Btrigger-132000_TACconstr-TRUE_BB-TRUE.rds",0.194,132000,"B",TRUE,TRUE,"Baseline",94000,52787.27246,38605.03166,48854.69452,0.0323,0.0149,0.0742,0.0252,0.019,0.123,0.034,0.375300645,0.397140564,0.366090203,44516.35,35914.05,41566.85,0,0,251610.1854,163114.2614,219380.0945,1,1,0.209643234,0.295727233,0.226940884,0.201361586,0.195101179,0.197283994,0.1022,0.1438,0.261
"Baseline_HCR-B_Ftrgt-0.194_Btrigger-170000_TACconstr-TRUE_BB-TRUE.rds",0.194,170000,"B",TRUE,TRUE,"Baseline",94000,52560.57194,37409.7317,48665.36548,0.0277,0.0111,0.0694,0.0192,0.015,0.114,0.031,0.373648201232174,0.399569597101997,0.369662655646782,44579.95,34289.65,41670.05,0,0,255015.218771787,165605.876355084,223754.025022027,1,1,0.218840392766393,0.350455671696293,0.242022047688474,0.196362809843875,0.18146510398771,0.190710913156365,0.234,0.2972,0.6614
"Baseline_HCR-B_Ftrgt-0.194_Btrigger-190000_TACconstr-FALSE_BB-FALSE.rds",0.194,190000,"B",FALSE,FALSE,"Baseline",94000,52302.2067,34678.1396,50406.1968,0.0185,0.0081,0.043,0.0148,0.011,0.066,0.023,0.225579099706776,0.398006166575668,0.244265505031154,45532.5,27497.5,43894,0,0,258612.607117351,173022.593169459,231962.293444324,1,1,0.223705733942757,0.287133117525552,0.242743009603211,0.194669259172888,0.165239957626932,0.195516727424528,0.3069,0.3686,0.7362
"Baseline_HCR-B_Ftrgt-0.243_Btrigger-170000_TACconstr-TRUE_BB-TRUE.rds",0.243,170000,"B",TRUE,TRUE,"Baseline",94000,57584.09695,42633.93464,53946.97956,0.0422,0.0271,0.0782,0.0364,0.03,0.13,0.051,0.384613329159779,0.361810342114373,0.384601167034596,48381.65,40439.4,45466.2,0,0,216623.908511374,159718.332947318,198538.251411327,1,1,0.252506452944778,0.309429541664327,0.2752877361325,0.236123685814535,0.217099351049171,0.227871498492754,0.3603,0.4,0.6854
"Baseline_HCR-B_Ftrgt-0.25_Btrigger-140000_TACconstr-TRUE_BB-TRUE.rds",0.25,140000,"B",TRUE,TRUE,"Baseline",94000,58521.42191,44550.38344,54818.17746,0.05665,0.0422,0.0882,0.054,0.05,0.143,0.068,0.38961143,0.346923069,0.389755739,49149.95,43109.15,46372.75,0,0,207484.4712,156842.1055,189880.3273,0.999,1,0.244773719,0.267979676,0.265998145,0.25010506,0.237280293,0.243656769,0.2475,0.2778,0.3426
"Baseline_HCR-B_Ftrgt-0.25_Btrigger-160000_TACconstr-FALSE_BB-FALSE.rds",0.25,160000,"B",FALSE,FALSE,"Baseline",94000,58260.839,42622.0172,56629.445,0.04735,0.0337,0.0778,0.0442,0.036,0.144,0.051,0.251955988,0.221545213,0.271892674,50260.5,38292,49083.5,0,0,211207.5062,158439.1786,194621.7636,1,1,0.251069198,0.281947737,0.270387007,0.24776545,0.227605058,0.250353626,0.3364,0.3784,0.4596
"Baseline_HCR-B_Ftrgt-0.25_Btrigger-160000_TACconstr-TRUE_BB-TRUE.rds",0.25,160000,"B",TRUE,TRUE,"Baseline",94000,58303.03961,43765.08372,54677.34276,0.0491,0.0344,0.0824,0.0452,0.041,0.133,0.06,0.387629376,0.348269723,0.387471658,49032.6,42043.65,46178.45,0,0,210531.0012,158060.1393,192812.2785,1,1,0.254125013,0.295045206,0.274266282,0.244990516,0.228596308,0.236665299,0.336,0.3718,0.461
"Baseline_HCR-B_Ftrgt-0.25_Btrigger-170000_TACconstr-FALSE_BB-FALSE.rds",0.25,170000,"B",FALSE,FALSE,"Baseline",94000,58128.2388,42133.6388,56505.0416,0.04415,0.0303,0.0754,0.0406,0.034,0.14,0.046,0.255217227,0.2312921,0.27317242,50133.5,37892,49072,0,0,212888.1292,159244.3564,196710.0643,1,1,0.25420262,0.292608171,0.271924568,0.244913144,0.223121539,0.246922124,0.3784,0.4224,0.6888
"Baseline_HCR-B_Ftrgt-0.25_Btrigger-180000_TACconstr-FALSE_BB-FALSE.rds",0.25,180000,"B",FALSE,FALSE,"Baseline",94000,57960.4145,41549.6406,56407.8034,0.0391,0.0266,0.0686,0.0346,0.031,0.123,0.044,0.25905245,0.263359869,0.277590325,50040.5,36119,49007.5,0,0,214665.5638,161638.9156,199379.9028,1,1,0.25781084,0.29874815,0.276324928,0.241793442,0.214740868,0.243069535,0.4167,0.4604,0.7444
"Baseline_HCR-B_Ftrgt-0.25_Btrigger-190000_TACconstr-FALSE_BB-FALSE.rds",0.25,190000,"B",FALSE,FALSE,"Baseline",94000,57787.7722,40950.7826,56278.6316,0.0363,0.0244,0.0646,0.0318,0.028,0.113,0.04,0.262443673,0.29526434,0.280134127,49810.5,34454,48701.5,0,0,216464.1975,163745.0688,201514.5429,1,1,0.261134135,0.302862215,0.278179637,0.23874327,0.206925078,0.24015387,0.4527,0.4968,0.7768
"Baseline_HCR-B_Ftrgt-0.261_Btrigger-190000_TACconstr-FALSE_BB-FALSE.rds",0.261,190000,"B",FALSE,FALSE,"Baseline",94000,58606.5124,42045.928,57161.3318,0.04025,0.0283,0.068,0.0364,0.031,0.121,0.046,0.272603135414013,0.270728720146969,0.289173750820304,50428,35776.5,49556.5,0,0,209826.756646557,161510.902908638,196366.155727012,1,1,0.270998396414228,0.305818332858452,0.287687918709469,0.2468293227,0.214889677626094,0.247912953974955,0.4764,0.5194,0.7806
"Baseline_HCR-B_Ftrgt-0.26_Btrigger-140000_TACconstr-TRUE_BB-TRUE.rds",0.26,140000,"B",TRUE,TRUE,"Baseline",94000,59284.62181,45582.6352,55593.75774,0.0627,0.048,0.0932,0.0616,0.057,0.149,0.073,0.394669805,0.348400377,0.394668286,49779.6,43172.8,47008.2,0,1,201238.6754,155418.7582,184780.3457,0.999,1,0.253521261,0.267815152,0.277248681,0.258489231,0.244747077,0.251519761,0.2719,0.2988,0.35
"Baseline_HCR-B_Ftrgt-0.26_Btrigger-150000_TACconstr-TRUE_BB-TRUE.rds",0.26,150000,"B",TRUE,TRUE,"Baseline",94000,59182.45301,45189.19944,55544.71104,0.059,0.0447,0.0906,0.056,0.054,0.147,0.069,0.392546715,0.348362952,0.395031517,49717.65,43111.2,46862.05,0,1,202495.8283,156336.6944,186390.9826,0.999,1,0.258470402,0.278764494,0.282259619,0.255526416,0.240692355,0.247488459,0.3171,0.3456,0.4154
"Baseline_HCR-B_Ftrgt-0.26_Btrigger-160000_TACconstr-FALSE_BB-FALSE.rds",0.26,160000,"B",FALSE,FALSE,"Baseline",94000,59033.3002,43653.278,57446.7782,0.0529,0.0397,0.0844,0.0478,0.043,0.153,0.054,0.260798644,0.203684425,0.277721703,50808,39609,49840,0,0,204351.0494,156474.6727,189576.5972,1,1,0.259718839,0.285360351,0.276586093,0.256259923,0.23606559,0.258705561,0.3592,0.4026,0.4696
"Baseline_HCR-B_Ftrgt-0.26_Btrigger-160000_TACconstr-TRUE_BB-TRUE.rds",0.26,160000,"B",TRUE,TRUE,"Baseline",94000,59041.14629,44758.0911,55467.82438,0.0545,0.0402,0.0874,0.0502,0.047,0.142,0.062,0.389979739,0.348001498,0.393245689,49536.5,42961.1,46816.65,0,1,203996.5293,156814.143,187867.7921,1,1,0.262129815,0.29351848,0.283044572,0.252537343,0.235855456,0.244581569,0.36,0.3922,0.4688
"Baseline_HCR-B_Ftrgt-0.26_Btrigger-170000_TACconstr-FALSE_BB-FALSE.rds",0.26,170000,"B",FALSE,FALSE,"Baseline",94000,58876.7451,43145.117,57344.0662,0.0486,0.0349,0.0802,0.0444,0.037,0.146,0.05,0.264420655,0.21399353,0.279070358,50878,39162,49720.5,0,0,206325.5435,157652.9576,192040.0323,1,1,0.262471099,0.296481723,0.278053017,0.252575836,0.230666544,0.254582659,0.4021,0.4418,0.6978
"Baseline_HCR-B_Ftrgt-0.26_Btrigger-170000_TACconstr-TRUE_BB-TRUE.rds",0.26,170000,"B",TRUE,TRUE,"Baseline",94000,58898.17058,44288.96358,55352.05718,0.0508,0.0366,0.084,0.046,0.043,0.134,0.056,0.389302972,0.348670152,0.394758925,49324.2,42120.35,46603.2,0,1,206372.1552,157753.1058,190235.7633,1,1,0.265517329,0.306383602,0.285431599,0.248448327,0.228926508,0.24125096,0.4002,0.4388,0.6944
"Baseline_HCR-B_Ftrgt-0.26_Btrigger-180000_TACconstr-FALSE_BB-FALSE.rds",0.26,180000,"B",FALSE,FALSE,"Baseline",94000,58715.588,42553.1244,57207.1248,0.04435,0.0311,0.0734,0.0418,0.035,0.134,0.047,0.267808045,0.241824862,0.282963761,50581,37364,49531.5,0,0,208360.9511,159571.3451,194292.3757,1,1,0.266154188,0.301568158,0.281741642,0.249124014,0.222525642,0.251026708,0.4398,0.4806,0.7502
"Baseline_HCR-B_Ftrgt-0.26_Btrigger-180000_TACconstr-TRUE_BB-TRUE.rds",0.26,180000,"B",TRUE,TRUE,"Baseline",94000,58746.96903,43772.45304,55204.35282,0.04655,0.0328,0.079,0.0416,0.039,0.132,0.054,0.391094936,0.354711571,0.393187973,49069,40548.75,46221.55,0,0,208528.9711,159159.928,192671.5474,1,1,0.270946202,0.312876954,0.291806104,0.245034666,0.222596735,0.237713807,0.4375,0.4766,0.7552
"Baseline_HCR-B_Ftrgt-0.26_Btrigger-190000_TACconstr-FALSE_BB-FALSE.rds",0.26,190000,"B",FALSE,FALSE,"Baseline",94000,58535.7952,41946.2012,57083.5526,0.0399,0.028,0.0674,0.0362,0.031,0.12,0.046,0.271188733,0.272872015,0.287946862,50364,35657,49494.5,0,0,210282.3023,161735.8108,196779.7488,1,1,0.269947617,0.306037023,0.286140037,0.24608618,0.214267346,0.247035423,0.4747,0.5154,0.7804
"Baseline_HCR-B_Ftrgt-0.26_Btrigger-200000_TACconstr-TRUE_BB-TRUE.rds",0.26,2e+05,"B",TRUE,TRUE,"Baseline",94000,58395.8173747495,42536.5774549098,54931.0257314629,0.0367234468937876,0.0255511022044088,0.0629258517034068,0.0328657314629259,0.0290581162324649,0.094188376753507,0.0460921843687375,0.390247912430234,0.343742074853354,0.390047443862893,48450.1,37118.4,45525.05,1,0,212797.146825343,164210.027029762,197707.091122798,1,1,0.277765453550255,0.317010873084628,0.30001223451788,0.237685553485909,0.206975986337383,0.230223800620578,0.507150715071507,0.5426,0.8096
"Baseline_HCR-B_Ftrgt-0.27_Btrigger-140000_TACconstr-TRUE_BB-TRUE.rds",0.27,140000,"B",TRUE,TRUE,"Baseline",94000,59999.78011,46625.50426,56291.07204,0.06935,0.0555,0.0988,0.0676,0.066,0.157,0.081,0.39788447,0.347536112,0.400348975,50337.15,44493.9,47581.85,0,1,195059.9229,153551.728,180458.6789,1,1,0.261827991,0.274254836,0.284479864,0.266410147,0.253269465,0.259211782,0.2956,0.3188,0.362
"Baseline_HCR-B_Ftrgt-0.27_Btrigger-150000_TACconstr-TRUE_BB-TRUE.rds",0.27,150000,"B",TRUE,TRUE,"Baseline",94000,59883.06248,46222.58596,56240.54384,0.06585,0.0518,0.0964,0.0634,0.062,0.153,0.075,0.395765912,0.349942652,0.400049954,50204.75,44329.1,47408.25,0,1,196737.9503,154609.004,181285.3197,0.999,1,0.266357216,0.285845054,0.287257182,0.263062465,0.248524012,0.255352779,0.3416,0.3658,0.4232
"Baseline_HCR-B_Ftrgt-0.27_Btrigger-160000_TACconstr-FALSE_BB-FALSE.rds",0.27,160000,"B",FALSE,FALSE,"Baseline",94000,59726.5064,44624.1718,58209.5206,0.05935,0.0458,0.0898,0.056,0.051,0.161,0.061,0.269032317,0.203423315,0.285250452,51391,40912,50320.5,0,0,198432.6777,155072.0497,184863.4333,0.999,1,0.268474221,0.289500108,0.282879849,0.263273687,0.244526079,0.266387869,0.3831,0.4216,0.4768
"Baseline_HCR-B_Ftrgt-0.27_Btrigger-160000_TACconstr-TRUE_BB-TRUE.rds",0.27,160000,"B",TRUE,TRUE,"Baseline",94000,59756.29775,45767.62412,56152.15926,0.06155,0.0473,0.0934,0.0582,0.055,0.149,0.071,0.393363132,0.348476803,0.400054595,50057,43718.75,47244.25,0,1,198498.9394,155230.4667,183639.8476,1,1,0.27196163,0.297418297,0.289809851,0.259595327,0.243720723,0.252009182,0.3803,0.414,0.4754
"Baseline_HCR-B_Ftrgt-0.27_Btrigger-170000_TACconstr-FALSE_BB-FALSE.rds",0.27,170000,"B",FALSE,FALSE,"Baseline",94000,59579.0371,44115.4812,58104.6488,0.0547,0.0408,0.087,0.0502,0.046,0.157,0.056,0.272406029,0.216154379,0.286116932,51244.5,40430.5,50237,0,0,200222.1016,156039.891,187177.4888,1,1,0.27060617,0.301489249,0.2847697,0.259957653,0.238059296,0.262658805,0.4247,0.4608,0.7044
"Baseline_HCR-B_Ftrgt-0.27_Btrigger-170000_TACconstr-TRUE_BB-TRUE.rds",0.27,170000,"B",TRUE,TRUE,"Baseline",94000,59591.41085,45280.3875,56059.7735,0.0566,0.0419,0.0908,0.0518,0.049,0.147,0.06,0.393492379,0.34841604,0.399867329,49830.75,42828.55,46945.95,0,0,200266.5403,156338.3745,185816.46,1,1,0.274086691,0.306750429,0.294682242,0.255607969,0.236536434,0.24803169,0.4226,0.4582,0.7028
"Baseline_HCR-B_Ftrgt-0.27_Btrigger-180000_TACconstr-FALSE_BB-FALSE.rds",0.27,180000,"B",FALSE,FALSE,"Baseline",94000,59400.4917,43533.839,57962.489,0.04865,0.0355,0.079,0.0446,0.037,0.145,0.05,0.275785724,0.223387104,0.290814435,51083.5,38586.5,50225,0,0,202258.084,158007.9395,189768.1932,1,1,0.273429292,0.303503575,0.288495996,0.256561333,0.229943002,0.258147282,0.4611,0.5006,0.7576
"Baseline_HCR-B_Ftrgt-0.27_Btrigger-180000_TACconstr-TRUE_BB-TRUE.rds",0.27,180000,"B",TRUE,TRUE,"Baseline",94000,59434.80786,44717.10424,55926.95088,0.05085,0.0372,0.0826,0.0464,0.044,0.134,0.055,0.395144828,0.348706369,0.398274899,49543.5,41717.25,46321.75,0,1,202426.0415,158152.6659,188374.7186,1,1,0.280138493,0.312386926,0.297612937,0.252463324,0.228440864,0.244645518,0.4594,0.4938,0.7582
"Baseline_HCR-B_Ftrgt-0.27_Btrigger-190000_TACconstr-FALSE_BB-FALSE.rds",0.27,190000,"B",FALSE,FALSE,"Baseline",94000,59223.045,42911.5814,57829.4614,0.044,0.0319,0.0722,0.04,0.034,0.13,0.047,0.278511342,0.251847316,0.294222275,50842,36851,49929.5,0,0,204705.7778,159950.5814,192348.2056,1,1,0.276438187,0.308728286,0.293563086,0.252710301,0.221561251,0.254390075,0.4962,0.5334,0.7864
"Baseline_HCR-B_Ftrgt-0.27_Btrigger-190000_TACconstr-TRUE_BB-TRUE.rds",0.27,190000,"B",TRUE,TRUE,"Baseline",94000,59254.78199,44091.68558,55813.30006,0.04505,0.0326,0.0728,0.0422,0.038,0.117,0.053,0.395089275,0.345560169,0.395947452,49186.9,39993.25,46304.85,0,1,204525.5021,160130.6386,190927.2146,1,1,0.284540118,0.311838921,0.299874829,0.248246452,0.221550992,0.240372215,0.4948,0.5284,0.7884
"Baseline_HCR-B_Ftrgt-0.28_Btrigger-160000_TACconstr-FALSE_BB-FALSE.rds",0.28,160000,"B",FALSE,FALSE,"Baseline",94000,60364.8358,45571.9752,58862.9402,0.0667,0.0533,0.097,0.0632,0.062,0.172,0.068,0.278253262,0.208391182,0.297381188,51935,42200.5,50969.5,0,0,192902.829,153206.4089,180325.5875,0.999,1,0.276513419,0.294626821,0.297168751,0.271209409,0.252659875,0.274184441,0.4065,0.441,0.4864
"Baseline_HCR-B_Ftrgt-0.28_Btrigger-160000_TACconstr-TRUE_BB-TRUE.rds",0.28,160000,"B",TRUE,TRUE,"Baseline",94000,60378.66802,46743.55722,56820.05704,0.068,0.053,0.101,0.065,0.066,0.16,0.078,0.398809324,0.35051662,0.40815297,50550.55,44336.85,47800.75,0,0,192979.2099,153516.4615,179491.1123,0.999,1,0.278600772,0.30095523,0.300354183,0.266568542,0.251168909,0.259341085,0.4024,0.4354,0.4838
"Baseline_HCR-B_Ftrgt-0.28_Btrigger-170000_TACconstr-FALSE_BB-FALSE.rds",0.28,170000,"B",FALSE,FALSE,"Baseline",94000,60211.01,45044.897,58776.5254,0.06115,0.0479,0.0922,0.0566,0.053,0.165,0.061,0.281592871,0.215880639,0.294639191,51655.5,41679.5,50964,0,0,194906.131,154455.0219,182835.6546,1,1,0.281080576,0.305066703,0.293446887,0.267706674,0.246340938,0.270071515,0.4454,0.4836,0.7102
"Baseline_HCR-B_Ftrgt-0.28_Btrigger-170000_TACconstr-TRUE_BB-TRUE.rds",0.28,170000,"B",TRUE,TRUE,"Baseline",94000,60226.2684,46233.37744,56719.72924,0.0632,0.0482,0.0974,0.059,0.058,0.155,0.071,0.397498544,0.350902652,0.405626342,50340.9,43525.95,47420.7,0,1,195001.9435,154608.6601,181499.5515,1,1,0.283608561,0.311554871,0.302609306,0.262462615,0.244336255,0.254981844,0.4435,0.4774,0.7094
"Baseline_HCR-B_Ftrgt-0.28_Btrigger-180000_TACconstr-FALSE_BB-FALSE.rds",0.28,180000,"B",FALSE,FALSE,"Baseline",94000,60038.1528,44464.0812,58660.6716,0.05555,0.0427,0.0844,0.0524,0.046,0.153,0.057,0.285547853,0.220277908,0.298580895,51554,39801.5,50785,0,0,197000.9991,156326.236,185376.1089,1,1,0.283131523,0.307744402,0.298131532,0.263185036,0.237677876,0.264971854,0.4846,0.5188,0.7634
"Baseline_HCR-B_Ftrgt-0.28_Btrigger-180000_TACconstr-TRUE_BB-TRUE.rds",0.28,180000,"B",TRUE,TRUE,"Baseline",94000,60063.94242,45634.63542,56634.27612,0.05645,0.0437,0.0866,0.0518,0.055,0.138,0.061,0.397561364,0.346162731,0.402625994,49853.25,42792.5,46935.85,0,0,197228.5693,156477.7372,184214.463,1,1,0.289337664,0.315594609,0.303888151,0.258424354,0.235488474,0.25052667,0.4809,0.5142,0.7644
"Baseline_HCR-B_Ftrgt-0.28_Btrigger-190000_TACconstr-FALSE_BB-FALSE.rds",0.28,190000,"B",FALSE,FALSE,"Baseline",94000,59854.2026,43850.1502,58504.0812,0.04945,0.0369,0.0774,0.0466,0.041,0.141,0.05,0.287176511,0.233295886,0.302943259,51178,38013,50442,0,0,199414.8453,158415.2298,188303.4958,1,1,0.285813298,0.31372959,0.302501401,0.259288855,0.228717541,0.2613753,0.5183,0.5486,0.7942
"Baseline_HCR-B_Ftrgt-0.28_Btrigger-190000_TACconstr-TRUE_BB-TRUE.rds",0.28,190000,"B",TRUE,TRUE,"Baseline",94000,59884.34279,45039.67084,56476.57516,0.0506,0.0382,0.0786,0.0474,0.045,0.128,0.055,0.398563704,0.346130237,0.403344429,49587.3,41203,46752.75,0,1,199436.2972,158598.5849,186731.8594,1,1,0.293056314,0.314761257,0.308459971,0.254091654,0.227899808,0.247150137,0.5168,0.5464,0.7948
"Baseline_HCR-B_Ftrgt-0.28_Btrigger-200000_TACconstr-FALSE_BB-FALSE.rds",0.28,2e+05,"B",FALSE,FALSE,"Baseline",94000,59651.8492,43235.3116,58336.3368,0.04445,0.0336,0.0706,0.04,0.038,0.127,0.047,0.290523473,0.261032864,0.307031993,50771.5,36376,50037.5,0,0,202064.935,160256.2816,191056.7626,1,1,0.289070224,0.315036791,0.307571411,0.254212708,0.220497942,0.25717203,0.5511,0.579,0.8172
"Baseline_HCR-B_Ftrgt-0.28_Btrigger-200000_TACconstr-TRUE_BB-TRUE.rds",0.28,2e+05,"B",TRUE,TRUE,"Baseline",94000,59684.86999,44441.58154,56302.68232,0.04505,0.0336,0.0716,0.0414,0.041,0.114,0.053,0.398112797,0.34482729,0.399110401,49191.8,39532.9,46494.9,0,1,201848.0552,160320.3578,188935.2419,1,1,0.293556767,0.316908767,0.311486008,0.249542593,0.220554727,0.241873291,0.5506,0.575,0.817
"Baseline_HCR-B_Ftrgt-0.297_Btrigger-170000_TACconstr-TRUE_BB-TRUE.rds",0.297,170000,"B",TRUE,TRUE,"Baseline",94000,61186.5532996473,47799.83744,57676.9144268423,0.07495,0.0587,0.1064,0.076,0.071,0.168,0.09,0.408688475756555,0.352235960450602,0.413684572139005,50577.4,44875.7,48062.1,0,1,186847.388872138,151444.288745156,174895.972373001,0.999,1,0.301515725986212,0.3188504507169,0.317735233827878,0.27347964674472,0.256485795593513,0.265151761713522,0.4798,0.5064,0.7216
"Baseline_HCR-B_Ftrgt-0.29_Btrigger-160000_TACconstr-FALSE_BB-FALSE.rds",0.29,160000,"B",FALSE,FALSE,"Baseline",94000,60937.36567,46486.3132,59492.4418,0.07385,0.059,0.1068,0.0706,0.068,0.185,0.077,0.28506281,0.21163166,0.304644933,52421.5,43452.5,51703,0,1,187648.5176,151263.1823,176056.1096,0.999,1,0.284987781,0.301331611,0.304767482,0.278731845,0.260659081,0.282017218,0.428,0.4608,0.4932
"Baseline_HCR-B_Ftrgt-0.29_Btrigger-170000_TACconstr-FALSE_BB-FALSE.rds",0.29,170000,"B",FALSE,FALSE,"Baseline",94000,60794.52671,45956.878,59398.2918,0.06885,0.0549,0.101,0.0646,0.064,0.178,0.069,0.289968004,0.218622363,0.304186423,52224,42928.5,51375,0,1,189954.0607,152505.5396,178723.0203,0.999,1,0.28911488,0.308970487,0.304475206,0.27477274,0.253929666,0.276404669,0.4663,0.4988,0.716
"Baseline_HCR-B_Ftrgt-0.29_Btrigger-180000_TACconstr-FALSE_BB-FALSE.rds",0.29,180000,"B",FALSE,FALSE,"Baseline",94000,60628.65291,45351.0242,59282.6872,0.06165,0.0504,0.0894,0.0564,0.058,0.163,0.058,0.292545319,0.221177756,0.3089464,51886,40977,51254.5,0,0,192136.4402,154942.2416,181656.3007,1,1,0.291036845,0.312943329,0.310751124,0.2701693,0.245013991,0.273149148,0.5037,0.5364,0.7672
"Baseline_HCR-B_Ftrgt-0.29_Btrigger-190000_TACconstr-FALSE_BB-FALSE.rds",0.29,190000,"B",FALSE,FALSE,"Baseline",94000,60427.50677,44753.5872,59142.9988,0.0556,0.0437,0.082,0.053,0.048,0.148,0.055,0.295748712,0.2251663,0.310456622,51574,39180.5,50969,0,1,194672.3278,156910.6831,183986.2473,1,1,0.294734546,0.315975936,0.310216453,0.264932601,0.236049759,0.267722194,0.5386,0.5644,0.7988
"Baseline_HCR-B_Ftrgt-0.29_Btrigger-190000_TACconstr-TRUE_BB-TRUE.rds",0.29,190000,"B",TRUE,TRUE,"Baseline",94000,60457.78504,45963.7018,57070.45077,0.057,0.0443,0.0846,0.0548,0.056,0.135,0.067,0.402353556,0.345583725,0.408262734,49853.3,42325.75,47068.1,0,2,194820.9609,157081.8942,181859.0281,1,1,0.299738945,0.320340656,0.317488421,0.259642606,0.234209157,0.252985247,0.5385,0.5628,0.7996
"Baseline_HCR-B_Ftrgt-0.29_Btrigger-200000_TACconstr-FALSE_BB-FALSE.rds",0.29,2e+05,"B",FALSE,FALSE,"Baseline",94000,60232.68497,44137.2192,58961.7366,0.0502,0.0387,0.0754,0.048,0.042,0.136,0.05,0.299107408,0.242896509,0.313419521,51030.5,37489.5,50388,0,1,197258.8511,158910.6842,186710.3117,1,1,0.298103018,0.318949746,0.314071633,0.260010657,0.227424177,0.26367145,0.5691,0.5974,0.8206
"Baseline_HCR-B_Ftrgt-0.29_Btrigger-210000_TACconstr-FALSE_BB-FALSE.rds",0.29,210000,"B",FALSE,FALSE,"Baseline",94000,60019.97645,43520.2778,58774.9202,0.045,0.0351,0.0688,0.041,0.039,0.122,0.048,0.302945669,0.269871402,0.317819624,50342,35940.5,49560.5,0,0,199436.0637,160830.0407,189358.5604,1,1,0.302034248,0.319601411,0.317712591,0.255683277,0.218977029,0.258447814,0.5982,0.6236,0.8416
"Baseline_HCR-B_Ftrgt-0.29_Btrigger-2e+05_TACconstr-TRUE_BB-TRUE.rds",0.29,2e+05,"B",TRUE,TRUE,"Baseline",94000,60269.26299,45348.46826,56909.6478,0.05065,0.0391,0.0746,0.0498,0.05,0.122,0.057,0.40156753,0.347695855,0.404956657,49356.85,40685.8,46855.9,0,2,196860.0676,158877.1014,184996.1497,1,1,0.304090513,0.320621119,0.320197573,0.25468493,0.226818209,0.247855043,0.5697,0.5904,0.8228
"Baseline_HCR-B_Ftrgt-0.319_Btrigger-190000_TACconstr-FALSE_BB-FALSE.rds",0.319,190000,"B",FALSE,FALSE,"Baseline",94000,61830.7447148408,47178.2192,60705.9196,0.0748,0.0633,0.0988,0.0738,0.074,0.175,0.078,0.325030777666099,0.229081880028227,0.336827406811347,51687.5,42429,51237,0,1,181386.525494741,152596.876482562,172708.237859237,0.999,1,0.32478851836336,0.323159498600609,0.338695061725982,0.281137742463854,0.255823707252652,0.285441161633357,0.5913,0.6104,0.8132
"Baseline_HCR-B_Ftrgt-0.31_Btrigger-200000_TACconstr-FALSE_BB-FALSE.rds",0.31,2e+05,"B",FALSE,FALSE,"Baseline",94000,61242.61909,45836.9942,60091.1254,0.0625,0.0521,0.0852,0.0606,0.057,0.152,0.064,0.317241336,0.230228709,0.334194048,51110,39691,50549.5,0,1,188264.3761,155962.9638,178457.2581,1,1,0.315768787,0.322685827,0.334284354,0.270803786,0.24051178,0.275315154,0.605,0.6256,0.8308
"Baseline_HCR-B_Ftrgt-0.31_Btrigger-210000_TACconstr-FALSE_BB-FALSE.rds",0.31,210000,"B",FALSE,FALSE,"Baseline",94000,61044.54502,45226.2924,59883.1076,0.056,0.0455,0.0786,0.0544,0.052,0.142,0.055,0.3197734,0.236160441,0.334090851,50308.5,38071,49706.5,0,1,190645.1061,157811.6596,181441.3222,1,1,0.319359742,0.325226379,0.334667113,0.265695285,0.232705657,0.27009698,0.6308,0.6488,0.8506
"Baseline_HCR-B_Ftrgt-0.32_Btrigger-210000_TACconstr-FALSE_BB-FALSE.rds",0.32,210000,"B",FALSE,FALSE,"Baseline",94000,61480.65457,46029.8404,60401.5944,0.06245,0.0528,0.083,0.0612,0.059,0.149,0.065,0.329894515,0.232580261,0.342988213,50126.5,39122.5,49792,0,1,186353.4748,156461.4003,177750.733,1,1,0.328355098,0.32472178,0.344308767,0.270171994,0.238513111,0.275741136,0.6446,0.6594,0.8544
"Baseline_HCR-B_Ftrgt-0.3_Btrigger-160000_TACconstr-FALSE_BB-FALSE.rds",0.3,160000,"B",FALSE,FALSE,"Baseline",94000,61439.37019,47367.3394,60071.8322,0.0825,0.0677,0.1138,0.0808,0.076,0.198,0.087,0.292684538,0.21636166,0.310708022,52954,44651.5,52282.5,0,1,182632.9947,149896.3105,172274.3887,0.999,1,0.29172178,0.305151423,0.310358479,0.28608055,0.269100967,0.288977117,0.4476,0.4786,0.5
"Baseline_HCR-B_Ftrgt-0.3_Btrigger-160000_TACconstr-TRUE_BB-TRUE.rds",0.3,160000,"B",TRUE,TRUE,"Baseline",94000,61477.91038,48567.6619,57956.75178,0.08285,0.0669,0.1124,0.0852,0.078,0.18,0.103,0.413515165,0.350603051,0.415627708,51105.25,45644.8,48436.3,0,2,182834.6757,150149.3887,171335.3602,1,1,0.30002697,0.31099005,0.321098391,0.279762637,0.266605351,0.271560538,0.4464,0.4748,0.499
"Baseline_HCR-B_Ftrgt-0.3_Btrigger-170000_TACconstr-FALSE_BB-FALSE.rds",0.3,170000,"B",FALSE,FALSE,"Baseline",94000,61303.49556,46834.6008,59973.2722,0.07565,0.061,0.1074,0.0732,0.07,0.19,0.077,0.297460638,0.222242047,0.317090638,52557.5,44114.5,51851,0,1,184970.1396,150896.488,174292.014,0.999,1,0.297202908,0.315480541,0.31779673,0.281654052,0.262096476,0.284246887,0.4893,0.5192,0.7214
"Baseline_HCR-B_Ftrgt-0.3_Btrigger-180000_TACconstr-FALSE_BB-FALSE.rds",0.3,180000,"B",FALSE,FALSE,"Baseline",94000,61146.59903,46222.9994,59870.844,0.06845,0.0558,0.0968,0.0654,0.066,0.172,0.068,0.303243175,0.223056256,0.31639203,52265,42171,51500.5,0,1,187614.3635,153367.343,176952.6181,0.999,1,0.303044975,0.316763922,0.316988722,0.276928927,0.252000452,0.27933472,0.524,0.553,0.7732
"Baseline_HCR-B_Ftrgt-0.3_Btrigger-180000_TACconstr-TRUE_BB-TRUE.rds",0.3,180000,"B",TRUE,TRUE,"Baseline",94000,61175.58358,47454.8511,57744.47239,0.06985,0.0556,0.0998,0.0684,0.067,0.157,0.078,0.40883155,0.348370066,0.41155313,50501.85,44130.8,47713.9,0,2,187891.5951,153394.505,175920.7064,1,1,0.307576971,0.323063741,0.324573017,0.270284381,0.250160954,0.262498883,0.5221,0.5454,0.7766
"Baseline_HCR-B_Ftrgt-0.3_Btrigger-190000_TACconstr-FALSE_BB-FALSE.rds",0.3,190000,"B",FALSE,FALSE,"Baseline",94000,60966.46639,45614.1964,59717.7316,0.06255,0.052,0.0876,0.0586,0.06,0.157,0.061,0.305563257,0.226285823,0.320013376,51791.5,40323,51164.5,0,0,190062.2991,155458.265,179934.7403,1,1,0.304813508,0.317293463,0.320551021,0.270769353,0.243329878,0.274989254,0.5555,0.584,0.8038
"Baseline_HCR-B_Ftrgt-0.3_Btrigger-200000_TACconstr-FALSE_BB-FALSE.rds",0.3,2e+05,"B",FALSE,FALSE,"Baseline",94000,60768.04479,45013.3828,59529.3336,0.0557,0.0449,0.0804,0.0526,0.05,0.146,0.054,0.309533933,0.229845391,0.324132462,51088,38597,50649.5,0,1,192731.1703,157265.1421,182601.8547,1,1,0.308674545,0.321839848,0.324920547,0.265888325,0.234271543,0.269626132,0.5879,0.612,0.8256
"Baseline_HCR-B_Ftrgt-0.3_Btrigger-200000_TACconstr-TRUE_BB-TRUE.rds",0.3,2e+05,"B",TRUE,TRUE,"Baseline",94000,60807.54767,46230.1847,57468.21197,0.05775,0.0458,0.083,0.0564,0.059,0.135,0.065,0.407464883,0.346083147,0.410513381,49667.5,41826.8,47021.55,0,0,192586.5851,157713.9219,180961.9305,1,1,0.31486392,0.326496633,0.330972734,0.26056363,0.232543001,0.25412816,0.5869,0.6042,0.828
"Baseline_HCR-B_Ftrgt-0.3_Btrigger-210000_TACconstr-FALSE_BB-FALSE.rds",0.3,210000,"B",FALSE,FALSE,"Baseline",94000,60553.46682,44385.9836,59352.1218,0.0504,0.04,0.0732,0.0484,0.045,0.13,0.05,0.311952679,0.251656791,0.325289715,50351,37012,49747,0,1,195005.1641,159321.359,185065.2607,1,1,0.311661174,0.322541271,0.325632942,0.260758916,0.225563731,0.264199198,0.6153,0.6374,0.8462
"Baseline_HCR-C_Ftrgt-0.167_Btrigger-160000_TACconstr-TRUE_BB-TRUE.rds",0.167,160000,"C",TRUE,TRUE,"Baseline",94000,48868.74566,34776.09874,44811.3315,0.024,0.0067,0.066,0.0166,0.011,0.114,0.028,0.373280583815437,0.41321914607985,0.361972850651513,41527.75,31131.1,38319.55,0,0,279911.307216946,167375.637246008,239878.43660463,1,1,0.203518554105671,0.355576639548759,0.223981208287365,0.172235449472474,0.161963612701469,0.167991284435346,0.1354,0.2082,0.4152
"Baseline_HCR-C_Ftrgt-0.167_Btrigger-180000_TACconstr-FALSE_BB-FALSE.rds",0.167,180000,"C",FALSE,FALSE,"Baseline",94000,48743.2785,31722.5197193621,46632.2234,0.0147,0.0051,0.0366,0.012,0.008,0.056,0.021,0.207688083520493,0.369909775944694,0.225214260961593,42431.5,25205,40329.5,0,0,283534.558099469,176688.614447538,247879.567793196,1,1,0.206980415641738,0.271556960366184,0.223508709409588,0.172292237300952,0.148248828939951,0.17314165680063,0.1954,0.2762,0.672734546909382
"Baseline_HCR-C_Ftrgt-0.194_Btrigger-132000_TACconstr-FALSE_BB-FALSE.rds",0.194,132000,"C",FALSE,FALSE,"Baseline",94000,52713.4768,37228.985,50637.0378,0.0286,0.0156,0.056,0.0272,0.019,0.09,0.041,0.2069654,0.299918446,0.221437158,45295.5,30699,43300,0,0,252152.2062,167527.143,222095.2491,1,1,0.206593643,0.224742871,0.220944653,0.202843093,0.188661065,0.205335661,0.105,0.1516,0.2242
"Baseline_HCR-C_Ftrgt-0.194_Btrigger-132000_TACconstr-TRUE_BB-TRUE.rds",0.194,132000,"C",TRUE,TRUE,"Baseline",94000,52734.34925,38994.77224,48672.09622,0.0347,0.016,0.0772,0.0296,0.022,0.124,0.047,0.371530085,0.372652371,0.359477693,44431.9,35935.65,41280.9,0,0,251239.695,162264.8285,218571.5356,1,1,0.207593344,0.282443559,0.223270858,0.200820896,0.195417715,0.196249364,0.1041,0.152,0.2642
"Baseline_HCR-C_Ftrgt-0.194_Btrigger-160000_TACconstr-TRUE_BB-TRUE.rds",0.194,160000,"C",TRUE,TRUE,"Baseline",94000,52606.91338,38033.55168,48603.3541,0.0298,0.0127,0.0718,0.022,0.017,0.114,0.036,0.372120367310567,0.383042865603874,0.362369835491333,44619.95,34808.65,41456.3,0,0,253573.551244517,164320.544165526,221409.549442849,1,1,0.214026916898507,0.31571968504076,0.236490214017628,0.197588921408155,0.185775588781754,0.192099685216162,0.1961,0.2626,0.432
"Baseline_HCR-C_Ftrgt-0.194_Btrigger-180000_TACconstr-FALSE_BB-FALSE.rds",0.194,180000,"C",FALSE,FALSE,"Baseline",94000,52401.4159,35296.5496,50447.9422,0.0203,0.0097,0.046,0.0158,0.012,0.069,0.025,0.221608078070265,0.373699237899114,0.239824377786,45573,28849,43719.5,0,0,257029.628942431,171339.832696753,229723.968798409,1,1,0.220115939700606,0.272645630520044,0.238725591287411,0.196134174340572,0.170373436616658,0.197336820616614,0.2732,0.3382,0.699
"Baseline_HCR-C_Ftrgt-0.234_Btrigger-160000_TACconstr-TRUE_BB-TRUE.rds",0.234,160000,"C",TRUE,TRUE,"Baseline",94000,56903.02394,42460.09396,53064.08068,0.04415,0.0274,0.083,0.0388,0.031,0.134,0.054,0.374511074242871,0.348739296847795,0.36655151892993,47920.95,40094,44880.15,0,0,220928.21478255,159192.520968752,200368.665500234,1,1,0.237388165453378,0.283276839607884,0.256530846281966,0.231872808312399,0.216947063692052,0.223969869928808,0.2981,0.3454,0.4558
"Baseline_HCR-C_Ftrgt-0.252_Btrigger-180000_TACconstr-FALSE_BB-FALSE.rds",0.252,180000,"C",FALSE,FALSE,"Baseline",94000,58095.3896,41963.1818,56485.5464,0.0419,0.0286,0.0712,0.0392,0.032,0.127,0.05,0.255697244329415,0.25774296614585,0.269705348526539,49987,36372,48841,0,0,213106.385329677,160675.025601848,197966.410293309,1,1,0.254826212705251,0.288121609112275,0.269120969290723,0.242773413678759,0.216494807695849,0.243400656335084,0.4226,0.4686,0.7476
"Baseline_HCR-C_Ftrgt-0.25_Btrigger-150000_TACconstr-TRUE_BB-TRUE.rds",0.25,150000,"C",TRUE,TRUE,"Baseline",94000,58403.29415,44593.71228,54575.16978,0.05685,0.0418,0.0892,0.0546,0.048,0.14,0.073,0.375718892,0.331353088,0.368482992,48934.6,42676.15,45870.65,0,0,208010.3722,156856.0127,190147.995,0.999,1,0.243617731,0.267074131,0.262337849,0.246693506,0.234358249,0.239367595,0.2975,0.3358,0.4114
"Baseline_HCR-C_Ftrgt-0.25_Btrigger-160000_TACconstr-TRUE_BB-TRUE.rds",0.25,160000,"C",TRUE,TRUE,"Baseline",94000,58286.9704,44112.1041,54507.5705,0.05255,0.0375,0.0856,0.0496,0.043,0.134,0.067,0.37633456,0.333811387,0.370027397,48880.3,42052.55,45782.3,0,0,210157.0402,157563.7026,192327.0009,0.999,1,0.247100686,0.281626752,0.266362064,0.244296029,0.228929595,0.235488555,0.3419,0.3808,0.463
"Baseline_HCR-C_Ftrgt-0.26_Btrigger-160000_TACconstr-TRUE_BB-TRUE.rds",0.26,160000,"C",TRUE,TRUE,"Baseline",94000,59032.9268,45140.87962,55301.85768,0.0585,0.044,0.0904,0.0556,0.05,0.143,0.07,0.378000233,0.329327206,0.373974509,49397.55,42961.1,46427.25,0,1,203533.6672,156057.2512,187096.133,0.999,1,0.253234742,0.278344782,0.274310932,0.251370817,0.236444936,0.243237018,0.3667,0.4028,0.4716
"Baseline_HCR-C_Ftrgt-0.26_Btrigger-170000_TACconstr-TRUE_BB-TRUE.rds",0.26,170000,"C",TRUE,TRUE,"Baseline",94000,58886.18244,44609.89104,55198.87818,0.0537,0.0392,0.0866,0.0498,0.045,0.135,0.063,0.380883809,0.336023771,0.378556707,49253,42147.7,46420.95,0,1,205736.4136,157173.3216,189534.4396,1,1,0.257941723,0.291872795,0.276907093,0.247948427,0.229864103,0.239668232,0.4041,0.445,0.6962
"Baseline_HCR-C_Ftrgt-0.26_Btrigger-180000_TACconstr-TRUE_BB-TRUE.rds",0.26,180000,"C",TRUE,TRUE,"Baseline",94000,58731.57722,44021.23566,55100.18038,0.04815,0.0338,0.0812,0.0438,0.039,0.133,0.057,0.381600061,0.340677176,0.382645618,48967.35,40589.55,45896.6,0,0,207985.9459,158774.3517,192263.5954,1,1,0.264246297,0.299552382,0.28383765,0.244601119,0.222928694,0.236527323,0.4396,0.482,0.7578
"Baseline_HCR-C_Ftrgt-0.26_Btrigger-200000_TACconstr-TRUE_BB-TRUE.rds",0.26,2e+05,"C",TRUE,TRUE,"Baseline",94000,58368.92735,42658.70204,54875.93552,0.038,0.0265,0.0644,0.0346,0.031,0.098,0.05,0.384944216,0.338315639,0.385518555,48329.5,37117.85,45320.6,0,0,212511.7129,163706.1076,197524.3178,1,1,0.271579902,0.307964163,0.291779711,0.237312917,0.207142817,0.229279014,0.5086,0.5442,0.8102
"Baseline_HCR-C_Ftrgt-0.27_Btrigger-150000_TACconstr-TRUE_BB-TRUE.rds",0.27,150000,"C",TRUE,TRUE,"Baseline",94000,59847.58046,46700.39026,56091.52522,0.07125,0.0566,0.1002,0.0716,0.068,0.154,0.091,0.379157193,0.320129384,0.374931516,49955.7,44351.45,47065.55,0,1,195546.2149,153672.2714,180272.1523,0.998,1,0.254773093,0.270687283,0.275327243,0.262013923,0.250372233,0.253628016,0.3499,0.3828,0.427
"Baseline_HCR-C_Ftrgt-0.27_Btrigger-160000_TACconstr-TRUE_BB-TRUE.rds",0.27,160000,"C",TRUE,TRUE,"Baseline",94000,59720.78817,46183.04992,56017.21966,0.0658,0.0511,0.0968,0.0642,0.061,0.15,0.082,0.380595501,0.328357061,0.378645244,49897.5,43792.35,46936.25,0,1,197664.9179,154450.2183,182273.4237,0.999,1,0.260230358,0.284463668,0.277678484,0.258446617,0.24453106,0.250083699,0.3905,0.4256,0.4782
"Baseline_HCR-C_Ftrgt-0.27_Btrigger-170000_TACconstr-FALSE_BB-FALSE.rds",0.27,170000,"C",FALSE,FALSE,"Baseline",94000,59545.9821,44449.8538,57950.9094,0.0581,0.0437,0.0898,0.0552,0.047,0.157,0.064,0.263055737,0.207404085,0.2784858,50999.5,40424,49932,0,0,199671.6105,155462.6704,186574.8314,0.999,1,0.262121434,0.286949566,0.277270332,0.258905275,0.237942614,0.260584609,0.4294,0.4686,0.706
"Baseline_HCR-C_Ftrgt-0.27_Btrigger-170000_TACconstr-TRUE_BB-TRUE.rds",0.27,170000,"C",TRUE,TRUE,"Baseline",94000,59576.20622,45628.28644,55919.76122,0.05995,0.0449,0.0932,0.0568,0.053,0.148,0.069,0.381858652,0.332999002,0.381363406,49721.8,42868.5,46702.4,0,0,199418.116,155475.047,184938.4335,0.999,1,0.265003286,0.29518174,0.284167485,0.255022006,0.237280543,0.246791811,0.4266,0.465,0.7056
"Baseline_HCR-C_Ftrgt-0.27_Btrigger-180000_TACconstr-FALSE_BB-FALSE.rds",0.27,180000,"C",FALSE,FALSE,"Baseline",94000,59385.7615,43781.3142,57863.4802,0.05065,0.0371,0.0816,0.0468,0.041,0.146,0.054,0.268058479,0.220922125,0.282103538,50921.5,38586.5,49880,0,0,202086.1211,157643.1117,189185.0247,1,1,0.266782914,0.291066836,0.281415311,0.255753839,0.229706815,0.256342645,0.4641,0.5052,0.7598
"Baseline_HCR-C_Ftrgt-0.27_Btrigger-180000_TACconstr-TRUE_BB-TRUE.rds",0.27,180000,"C",TRUE,TRUE,"Baseline",94000,59425.14989,44978.99118,55828.25232,0.0536,0.0389,0.0854,0.0512,0.045,0.135,0.064,0.385266871,0.334312197,0.383461308,49335.75,41755.5,46114.55,0,1,201705.1923,157681.2366,187742.5485,1,1,0.271208686,0.29874578,0.289386308,0.251686704,0.229305834,0.243299555,0.4618,0.4988,0.7606
"Baseline_HCR-C_Ftrgt-0.27_Btrigger-190000_TACconstr-FALSE_BB-FALSE.rds",0.27,190000,"C",FALSE,FALSE,"Baseline",94000,59207.6468,43120.75,57747.5638,0.04575,0.0331,0.0734,0.0434,0.037,0.131,0.052,0.272294647,0.250114558,0.286633196,50717,36853,49808,0,0,204324.5838,159664.0431,191882.4226,1,1,0.270264928,0.295560453,0.286369387,0.251882766,0.221463686,0.252991326,0.4985,0.537,0.7886
"Baseline_HCR-C_Ftrgt-0.286_Btrigger-160000_TACconstr-TRUE_BB-TRUE.rds",0.286,160000,"C",TRUE,TRUE,"Baseline",94000,60701.3799192564,47766.8529,57044.52294,0.0789,0.0631,0.1092,0.0802,0.08,0.166,0.099,0.382178928761092,0.321930713257874,0.38526330866236,50467.55,44834.9,47628.35,0,0,188684.081473047,151320.415570313,175335.675620199,0.998,1,0.271342641281727,0.28892842193208,0.287729709939721,0.269292111324026,0.257556870029201,0.261073999213876,0.4257,0.4578,0.492
"Baseline_HCR-C_Ftrgt-0.28_Btrigger-160000_TACconstr-TRUE_BB-TRUE.rds",0.28,160000,"C",TRUE,TRUE,"Baseline",94000,60349.89401,47182.77748,56676.61604,0.07345,0.0585,0.1046,0.0722,0.073,0.16,0.093,0.381519728,0.324434005,0.38384067,50282.85,44480.55,47415.55,0,0,191942.165,152567.4573,178161.2344,0.998,1,0.267115867,0.286126448,0.283314253,0.265321306,0.252760886,0.256965275,0.4107,0.4462,0.487
"Baseline_HCR-C_Ftrgt-0.28_Btrigger-170000_TACconstr-FALSE_BB-FALSE.rds",0.28,170000,"C",FALSE,FALSE,"Baseline",94000,60180.2761,45420.7396,58629.8248,0.06555,0.052,0.096,0.0622,0.057,0.165,0.071,0.269990422,0.209447186,0.284312033,51399,41679.5,50564.5,0,0,194169.4785,153892.6459,182399.9931,0.999,1,0.268551254,0.289124274,0.284209699,0.266109817,0.246163449,0.267220749,0.4518,0.4916,0.7124
"Baseline_HCR-C_Ftrgt-0.28_Btrigger-180000_TACconstr-FALSE_BB-FALSE.rds",0.28,180000,"C",FALSE,FALSE,"Baseline",94000,60024.7267,44746.9026,58542.3866,0.05805,0.0446,0.0872,0.0558,0.049,0.153,0.061,0.274709366,0.213148954,0.288576336,51350,39798.5,50486,0,0,196587.3719,155854.9471,185040.0764,0.999,1,0.27275469,0.294230145,0.28905989,0.262145846,0.237555046,0.26319211,0.4878,0.5244,0.7656
"Baseline_HCR-C_Ftrgt-0.28_Btrigger-180000_TACconstr-TRUE_BB-TRUE.rds",0.28,180000,"C",TRUE,TRUE,"Baseline",94000,60056.02915,45942.68898,56499.41958,0.05965,0.0462,0.0898,0.0564,0.059,0.139,0.071,0.38662285,0.329928732,0.387176668,49615.2,42894.75,46652.2,0,0,197032.8371,156132.5941,183566.7313,0.999,1,0.278211385,0.302060611,0.293591772,0.257463752,0.236318409,0.24895106,0.4832,0.519,0.7668
"Baseline_HCR-C_Ftrgt-0.28_Btrigger-190000_TACconstr-FALSE_BB-FALSE.rds",0.28,190000,"C",FALSE,FALSE,"Baseline",94000,59845.4663,44074.9242,58427.1256,0.0513,0.0383,0.0794,0.0492,0.043,0.142,0.055,0.279280831,0.231067565,0.293667989,50989.5,38014.5,50095,0,0,199235.3269,157965.2665,187853.4584,1,1,0.277041216,0.295365928,0.29325465,0.258377647,0.228410048,0.259810847,0.5194,0.5524,0.796
"Baseline_HCR-C_Ftrgt-0.28_Btrigger-190000_TACconstr-TRUE_BB-TRUE.rds",0.28,190000,"C",TRUE,TRUE,"Baseline",94000,59888.05697,45262.22532,56394.35338,0.0529,0.0399,0.0812,0.0506,0.047,0.129,0.061,0.38877109,0.334827008,0.391948909,49328.7,41206.55,46488.8,0,1,199341.3436,158401.0567,186067.8039,1,1,0.282992422,0.304179482,0.297825447,0.253104675,0.228137263,0.245923861,0.5185,0.549,0.7966
"Baseline_HCR-C_Ftrgt-0.28_Btrigger-200000_TACconstr-TRUE_BB-TRUE.rds",0.28,2e+05,"C",TRUE,TRUE,"Baseline",94000,59686.86898,44613.26074,56247.91488,0.0468,0.035,0.073,0.0442,0.045,0.116,0.058,0.391000348,0.339096355,0.391057522,49206.4,39534.55,46418.4,0,1,201528.4457,159918.1852,188606.4507,1,1,0.286639615,0.308290044,0.302459797,0.248511128,0.220660183,0.241389326,0.5513,0.5758,0.8182
"Baseline_HCR-C_Ftrgt-0.29_Btrigger-170000_TACconstr-FALSE_BB-FALSE.rds",0.29,170000,"C",FALSE,FALSE,"Baseline",94000,60755.32621,46362.8074,59252.9982,0.07345,0.0591,0.1052,0.0704,0.067,0.179,0.077,0.277437927,0.212821798,0.289343864,51763.5,42917,51022,0,1,189056.5635,151813.7353,177675.8232,0.999,1,0.275882098,0.293223235,0.289395094,0.272863875,0.253841827,0.274224591,0.4726,0.5092,0.719
"Baseline_HCR-C_Ftrgt-0.29_Btrigger-180000_TACconstr-FALSE_BB-FALSE.rds",0.29,180000,"C",FALSE,FALSE,"Baseline",94000,60600.96371,45677.6408,59166.763,0.06565,0.0539,0.0932,0.0616,0.061,0.163,0.069,0.280977136,0.215198556,0.294959432,51631.5,40976.5,50847,0,0,191530.647,154319.2338,180583.6971,0.999,1,0.279399554,0.298168775,0.295621055,0.268475859,0.244964462,0.269993931,0.5081,0.5426,0.77
"Baseline_HCR-C_Ftrgt-0.29_Btrigger-190000_TACconstr-FALSE_BB-FALSE.rds",0.29,190000,"C",FALSE,FALSE,"Baseline",94000,60422.19147,45000.434,59050.9434,0.05835,0.0464,0.0848,0.0558,0.053,0.149,0.059,0.285491969,0.218227608,0.299951614,51315,39167,50400.5,0,1,194411.4287,156495.974,183601.8186,1,1,0.283886079,0.299770253,0.300099416,0.264226207,0.235807909,0.266036908,0.5408,0.5674,0.8004
"Baseline_HCR-C_Ftrgt-0.29_Btrigger-200000_TACconstr-TRUE_BB-TRUE.rds",0.29,2e+05,"C",TRUE,TRUE,"Baseline",94000,60271.54774,45542.15516,56852.7532,0.05205,0.0405,0.0762,0.051,0.052,0.123,0.061,0.393412203,0.338969245,0.392632156,49221.65,40693.95,46694.5,0,1,196759.7331,158594.8294,184646.4488,1,1,0.295554424,0.30752417,0.309278904,0.253383931,0.227129822,0.24702893,0.5711,0.5944,0.8236
"Baseline_HCR-C_Ftrgt-0.308_Btrigger-180000_TACconstr-FALSE_BB-FALSE.rds",0.308,180000,"C",FALSE,FALSE,"Baseline",94000,61512.444098497,47274.992,60167.967,0.0791,0.0652,0.1072,0.0788,0.074,0.185,0.086,0.295593035607056,0.218388182546802,0.305974873012487,51930.5,43084.5,51230.5,0,1,183433.113581313,151361.843730706,173162.808239414,0.999,1,0.294651960529676,0.303550664946358,0.306149732591919,0.279347599604119,0.257553163963178,0.281902304876008,0.5439,0.5698,0.7794
"Baseline_HCR-C_Ftrgt-0.3_Btrigger-160000_TACconstr-TRUE_BB-TRUE.rds",0.3,160000,"C",TRUE,TRUE,"Baseline",94000,61444.49252,49076.07082,57833.92123,0.0899,0.0737,0.1178,0.0944,0.088,0.182,0.115,0.388068782,0.32138533,0.391063876,50677.2,45771.7,47957.5,0,1,181516.1245,149131.0365,169350.5771,0.998,1,0.283655663,0.293110416,0.297259197,0.27807229,0.268906058,0.270155853,0.4552,0.4884,0.5022
"Baseline_HCR-C_Ftrgt-0.3_Btrigger-180000_TACconstr-TRUE_BB-TRUE.rds",0.3,180000,"C",TRUE,TRUE,"Baseline",94000,61163.97729,47800.81428,57656.69521,0.07435,0.0602,0.1022,0.0748,0.074,0.157,0.089,0.391184732,0.329543344,0.394199672,50217.35,44226.85,47469,0,2,187138.1503,152812.8945,174909.1757,0.999,1,0.294501012,0.305613539,0.307488076,0.269388864,0.250958035,0.261352584,0.5281,0.5514,0.779
"Baseline_HCR-C_Ftrgt-0.3_Btrigger-200000_TACconstr-TRUE_BB-TRUE.rds",0.3,2e+05,"C",TRUE,TRUE,"Baseline",94000,60807.07011,46450.11674,57405.1142,0.0601,0.0474,0.0854,0.0602,0.059,0.136,0.071,0.395571506,0.335413797,0.39811681,49486.7,41844.1,46759.7,0,1,192185.0988,157262.3587,180556.1643,1,1,0.302750293,0.312991436,0.320279246,0.259730327,0.233456474,0.252990691,0.5893,0.6092,0.8294
"Alt1_HCR-A_Ftrgt-0.194_Btrigger-132000_TACconstr-FALSE_BB-FALSE.rds",0.194,132000,"A",FALSE,FALSE,"Alt1",94000,59261.6603811434,41752.6992978937,59073.0106318957,0.0143931795386158,0.0120361083249749,0.0110330992978937,0.0224674022066199,0.0170511534603811,0.0220661985957874,0.0290872617853561,0.227513683808605,0.321465196769645,0.248451686609344,49121,31536,50066,2,0,271438.414572734,177685.638836497,246554.465739324,1,1,0.225469185421531,0.240449269912478,0.248938003330408,0.183951933352283,0.180828262490076,0.189138550231093,0.204304304304304,0.241041041041041,0.270124148978775
"Alt2_HCR-A_Ftrgt-0.28_Btrigger-180000_TACconstr-TRUE_BB-TRUE.rds",0.28,180000,"A",TRUE,TRUE,"Alt2",94000,65907.47139,48682.92268,61383.565,0.0409,0.0248,0.0764,0.0376,0.035,0.142,0.064,0.354486520884014,0.233945696960352,0.375179920198079,59583.1,40195,54875.2,0,0,223225.228868572,163662.909479911,200532.847438949,1,1,0.275089503974554,0.292580761097501,0.278466483857743,0.268786184547591,0.241994755414083,0.264510041392738,0.3723,0.4298,0.704
"Alt2_HCR-B_Ftrgt-0.27_Btrigger-170000_TACconstr-TRUE_BB-TRUE.rds",0.27,170000,"B",TRUE,TRUE,"Alt2",94000,65393.39247,48321.83804,60298.3043,0.0386,0.0209,0.0806,0.032,0.033,0.141,0.061,0.383994352623182,0.34732725857411,0.409677431374522,59683.1,44626.9,54551.65,0,0,227140.553945099,163366.318894421,203450.285847601,1,1,0.267406008390686,0.305137023025407,0.276232348489962,0.266141994597477,0.242169887526336,0.260080070771619,0.3062,0.3642,0.6352
"Alt2_HCR-A_Ftrgt-0.194_Btrigger-132000_TACconstr-FALSE_BB-FALSE.rds",0.194,132000,"A",FALSE,FALSE,"Alt2",94000,57525.1577,39277.8482,54128.1408,0.0175,0.0042,0.0482,0.0134,0.009,0.085,0.038,0.208271949553862,0.309709311005953,0.219251803387883,53057.5,30989.5,49368.5,0,0,287519.434639009,173693.548310957,244095.285831309,1,1,0.206265738475133,0.230883805243105,0.211890212198309,0.205217744462946,0.188753474746126,0.208255041181023,0.0391,0.0818,0.1974
"Alt2_HCR-A_Ftrgt-0.28_Btrigger-180000_TACconstr-FALSE_BB-FALSE.rds",0.28,180000,"A",FALSE,FALSE,"Alt2",94000,65949.3644,47855.8816,62902.4028,0.03955,0.0233,0.0766,0.035,0.033,0.143,0.06,0.276357006849304,0.206267715200115,0.289277924634102,61102,40256,57821,0,0,222950.993639535,163098.852019496,201471.681818753,1,1,0.274452755333429,0.291621863330401,0.282178780885364,0.274590706705815,0.243593043937619,0.275090719238356,0.3709,0.4364,0.704
"Alt2_HCR-C_Ftrgt-0.28_Btrigger-180000_TACconstr-FALSE_BB-FALSE.rds",0.28,180000,"C",FALSE,FALSE,"Alt2",94000,65949.3366,47856.2256,62901.5558,0.0396,0.0233,0.0768,0.035,0.033,0.143,0.06,0.276357006849304,0.206141051397533,0.289277924634102,61102,40256,57821,0,0,222950.993639535,163098.852019496,201425.315790007,1,1,0.274452755333429,0.291847894268704,0.282178780885364,0.274621548201709,0.243593043937619,0.275068314017224,0.3709,0.4366,0.704
"Alt2_HCR-B_Ftrgt-0.29_Btrigger-190000_TACconstr-FALSE_BB-FALSE.rds",0.29,190000,"B",FALSE,FALSE,"Alt2",94000,66394.6384,48083.3596,63521.3086,0.0398,0.0261,0.0718,0.0352,0.034,0.139,0.055,0.294099540204529,0.217186815910204,0.309021894756202,61861,39626.5,58564.5,0,0,219772.250800181,164056.462922479,199337.435025017,1,1,0.294005918121113,0.312026763942584,0.303990921807863,0.279395367381855,0.243720127479945,0.281128647859174,0.4268,0.4814,0.7404
"Alt2_HCR-C_Ftrgt-0.26_Btrigger-160000_TACconstr-TRUE_BB-TRUE.rds",0.26,160000,"C",TRUE,TRUE,"Alt2",94000,64755.53896,47935.26828,59488.10008,0.03825,0.02,0.0806,0.0324,0.029,0.137,0.066,0.375671763764414,0.329767581970576,0.394663558871729,58781.2,43654.6,53558.95,0,0,231818.000811413,163486.030956435,206123.15116182,1,1,0.25117551030569,0.275597181556534,0.258061876631231,0.260259628800086,0.238924334765938,0.253637182359401,0.2439,0.3028,0.4154
